Stock,Beta,Sector,Coefficient,Monthly Return
GOOGL,1.039,^SP500-50,0.9446835581096265,
META,1.213,^SP500-50,0.9446835581096265,
NFLX,1.262,^SP500-50,0.9446835581096265,
TMUS,0.507,^SP500-50,0.9446835581096265,"Date
2023-10-01         NaN
2023-11-01    0.045808
2023-12-01    0.070322
2024-01-01    0.005613
2024-02-01    0.012839
2024-03-01    0.003492
2024-04-01    0.005820
2024-05-01    0.065725
2024-06-01    0.010822
2024-07-01    0.034624
2024-08-01    0.090191
2024-09-01   -0.025619
Name: Monthly Return, dtype: float64"
DIS,1.398,^SP500-50,0.9446835581096265,
VZ,0.407,^SP500-50,0.9446835581096265,
CMCSA,1.01,^SP500-50,0.9446835581096265,
TMUS,0.507,^SP500-50,0.9446835581096265,"Date
2023-10-01         NaN
2023-11-01    0.045808
2023-12-01    0.070322
2024-01-01    0.005613
2024-02-01    0.012839
2024-03-01    0.003492
2024-04-01    0.005820
2024-05-01    0.065725
2024-06-01    0.010822
2024-07-01    0.034624
2024-08-01    0.090191
2024-09-01   -0.025619
Name: Monthly Return, dtype: float64"
SPOT,1.577,^SP500-50,0.9446835581096265,
NTES,0.541,^SP500-50,0.9446835581096265,
GOOGL,1.039,^SP500-50,0.9446835581096265,
META,1.213,^SP500-50,0.9446835581096265,
NFLX,1.262,^SP500-50,0.9446835581096265,
TMUS,0.507,^SP500-50,0.9446835581096265,
DIS,1.398,^SP500-50,0.9446835581096265,"Date
2023-10-01         NaN
2023-11-01    0.136046
2023-12-01   -0.025893
2024-01-01    0.067261
2024-02-01    0.161687
2024-03-01    0.096612
2024-04-01   -0.092024
2024-05-01   -0.064716
2024-06-01   -0.044462
2024-07-01   -0.056400
2024-08-01   -0.030879
2024-09-01   -0.026997
Name: Monthly Return, dtype: float64"
VZ,0.407,^SP500-50,0.9446835581096265,
CMCSA,1.01,^SP500-50,0.9446835581096265,
TMUS,0.507,^SP500-50,0.9446835581096265,
SPOT,1.577,^SP500-50,0.9446835581096265,
NTES,0.541,^SP500-50,0.9446835581096265,
GOOGL,1.039,^SP500-50,0.9446835581096265,
META,1.213,^SP500-50,0.9446835581096265,
NFLX,1.262,^SP500-50,0.9446835581096265,
TMUS,0.507,^SP500-50,0.9446835581096265,
DIS,1.398,^SP500-50,0.9446835581096265,
VZ,0.407,^SP500-50,0.9446835581096265,
CMCSA,1.01,^SP500-50,0.9446835581096265,
TMUS,0.507,^SP500-50,0.9446835581096265,
SPOT,1.577,^SP500-50,0.9446835581096265,
NTES,0.541,^SP500-50,0.9446835581096265,
GOOGL,1.039,^SP500-50,0.9446835581096265,
META,1.213,^SP500-50,0.9446835581096265,
NFLX,1.262,^SP500-50,0.9446835581096265,
TMUS,0.507,^SP500-50,0.9446835581096265,"Date
2023-10-01         NaN
2023-11-01    0.045808
2023-12-01    0.070322
2024-01-01    0.005613
2024-02-01    0.012839
2024-03-01    0.003492
2024-04-01    0.005820
2024-05-01    0.065725
2024-06-01    0.010822
2024-07-01    0.034624
2024-08-01    0.090191
2024-09-01   -0.025619
Name: Monthly Return, dtype: float64"
DIS,1.398,^SP500-50,0.9446835581096265,
VZ,0.407,^SP500-50,0.9446835581096265,
CMCSA,1.01,^SP500-50,0.9446835581096265,
TMUS,0.507,^SP500-50,0.9446835581096265,
SPOT,1.577,^SP500-50,0.9446835581096265,
NTES,0.541,^SP500-50,0.9446835581096265,
GOOGL,1.039,^SP500-50,0.9446835581096265,
META,1.213,^SP500-50,0.9446835581096265,
NFLX,1.262,^SP500-50,0.9446835581096265,
TMUS,0.507,^SP500-50,0.9446835581096265,
DIS,1.398,^SP500-50,0.9446835581096265,"Date
2023-10-01         NaN
2023-11-01    0.136046
2023-12-01   -0.025893
2024-01-01    0.067261
2024-02-01    0.161687
2024-03-01    0.096612
2024-04-01   -0.092024
2024-05-01   -0.064716
2024-06-01   -0.044462
2024-07-01   -0.056400
2024-08-01   -0.030879
2024-09-01   -0.026997
Name: Monthly Return, dtype: float64"
VZ,0.407,^SP500-50,0.9446835581096265,
CMCSA,1.01,^SP500-50,0.9446835581096265,
TMUS,0.507,^SP500-50,0.9446835581096265,"Date
2023-10-01         NaN
2023-11-01    0.045808
2023-12-01    0.070322
2024-01-01    0.005613
2024-02-01    0.012839
2024-03-01    0.003492
2024-04-01    0.005820
2024-05-01    0.065725
2024-06-01    0.010822
2024-07-01    0.034624
2024-08-01    0.090191
2024-09-01   -0.025619
Name: Monthly Return, dtype: float64"
SPOT,1.577,^SP500-50,0.9446835581096265,
NTES,0.541,^SP500-50,0.9446835581096265,
GOOGL,1.039,^SP500-50,0.9446835581096265,
META,1.213,^SP500-50,0.9446835581096265,
NFLX,1.262,^SP500-50,0.9446835581096265,
TMUS,0.507,^SP500-50,0.9446835581096265,
DIS,1.398,^SP500-50,0.9446835581096265,
VZ,0.407,^SP500-50,0.9446835581096265,
CMCSA,1.01,^SP500-50,0.9446835581096265,
TMUS,0.507,^SP500-50,0.9446835581096265,
SPOT,1.577,^SP500-50,0.9446835581096265,
NTES,0.541,^SP500-50,0.9446835581096265,
GOOGL,1.039,^SP500-50,0.9446835581096265,
META,1.213,^SP500-50,0.9446835581096265,
NFLX,1.262,^SP500-50,0.9446835581096265,
TMUS,0.507,^SP500-50,0.9446835581096265,
DIS,1.398,^SP500-50,0.9446835581096265,
VZ,0.407,^SP500-50,0.9446835581096265,
CMCSA,1.01,^SP500-50,0.9446835581096265,
TMUS,0.507,^SP500-50,0.9446835581096265,
SPOT,1.577,^SP500-50,0.9446835581096265,
NTES,0.541,^SP500-50,0.9446835581096265,
GOOGL,1.039,^SP500-50,0.9446835581096265,
META,1.213,^SP500-50,0.9446835581096265,
NFLX,1.262,^SP500-50,0.9446835581096265,
TMUS,0.507,^SP500-50,0.9446835581096265,
DIS,1.398,^SP500-50,0.9446835581096265,"Date
2023-10-01         NaN
2023-11-01    0.136046
2023-12-01   -0.025893
2024-01-01    0.067261
2024-02-01    0.161687
2024-03-01    0.096612
2024-04-01   -0.092024
2024-05-01   -0.064716
2024-06-01   -0.044462
2024-07-01   -0.056400
2024-08-01   -0.030879
2024-09-01   -0.026997
Name: Monthly Return, dtype: float64"
VZ,0.407,^SP500-50,0.9446835581096265,
CMCSA,1.01,^SP500-50,0.9446835581096265,
TMUS,0.507,^SP500-50,0.9446835581096265,
SPOT,1.577,^SP500-50,0.9446835581096265,
NTES,0.541,^SP500-50,0.9446835581096265,
GOOGL,1.039,^SP500-50,0.9446835581096265,
META,1.213,^SP500-50,0.9446835581096265,
NFLX,1.262,^SP500-50,0.9446835581096265,
TMUS,0.507,^SP500-50,0.9446835581096265,
DIS,1.398,^SP500-50,0.9446835581096265,
VZ,0.407,^SP500-50,0.9446835581096265,
CMCSA,1.01,^SP500-50,0.9446835581096265,
TMUS,0.507,^SP500-50,0.9446835581096265,"Date
2023-10-01         NaN
2023-11-01    0.045809
2023-12-01    0.070322
2024-01-01    0.005613
2024-02-01    0.012839
2024-03-01    0.003492
2024-04-01    0.005820
2024-05-01    0.065725
2024-06-01    0.010822
2024-07-01    0.034624
2024-08-01    0.090191
2024-09-01   -0.025619
Name: Monthly Return, dtype: float64"
SPOT,1.577,^SP500-50,0.9446835581096265,
NTES,0.541,^SP500-50,0.9446835581096265,
GOOGL,1.039,^SP500-50,0.9446835581096265,"Date
2023-10-01         NaN
2023-11-01    0.068101
2023-12-01    0.054026
2024-01-01    0.002935
2024-02-01   -0.011706
2024-03-01    0.090062
2024-04-01    0.078513
2024-05-01    0.059712
2024-06-01    0.055942
2024-07-01   -0.057168
2024-08-01   -0.047569
2024-09-01   -0.076264
Name: Monthly Return, dtype: float64"
META,1.213,^SP500-50,0.9446835581096265,
NFLX,1.262,^SP500-50,0.9446835581096265,
TMUS,0.507,^SP500-50,0.9446835581096265,
DIS,1.398,^SP500-50,0.9446835581096265,
VZ,0.407,^SP500-50,0.9446835581096265,
CMCSA,1.01,^SP500-50,0.9446835581096265,
TMUS,0.507,^SP500-50,0.9446835581096265,
SPOT,1.577,^SP500-50,0.9446835581096265,
NTES,0.541,^SP500-50,0.9446835581096265,
TSLA,2.29,^SP500-2550,1.141092151655661,
HD,1.003,^SP500-2550,1.141092151655661,
TM,0.434,^SP500-2550,1.141092151655661,
PDD,0.681,^SP500-2550,1.141092151655661,
MCD,0.724,^SP500-2550,1.141092151655661,
BABA,0.328,^SP500-2550,1.141092151655661,
BKNG,1.4,^SP500-2550,1.141092151655661,
TJX,0.889,^SP500-2550,1.141092151655661,
LOW,1.09,^SP500-2550,1.141092151655661,
TSLA,2.29,^SP500-2550,1.141092151655661,
HD,1.003,^SP500-2550,1.141092151655661,"Date
2023-10-01         NaN
2023-11-01    0.101163
2023-12-01    0.112881
2024-01-01    0.018497
2024-02-01    0.078338
2024-03-01    0.007856
2024-04-01   -0.123517
2024-05-01    0.001945
2024-06-01    0.035127
2024-07-01    0.069486
2024-08-01    0.000924
2024-09-01   -0.016996
Name: Monthly Return, dtype: float64"
TM,0.434,^SP500-2550,1.141092151655661,
PDD,0.681,^SP500-2550,1.141092151655661,
MCD,0.724,^SP500-2550,1.141092151655661,
BABA,0.328,^SP500-2550,1.141092151655661,
BKNG,1.4,^SP500-2550,1.141092151655661,
TJX,0.889,^SP500-2550,1.141092151655661,
LOW,1.09,^SP500-2550,1.141092151655661,
TSLA,2.29,^SP500-2550,1.141092151655661,
HD,1.003,^SP500-2550,1.141092151655661,
TM,0.434,^SP500-2550,1.141092151655661,
PDD,0.681,^SP500-2550,1.141092151655661,
MCD,0.724,^SP500-2550,1.141092151655661,
BABA,0.328,^SP500-2550,1.141092151655661,
BKNG,1.4,^SP500-2550,1.141092151655661,
TJX,0.889,^SP500-2550,1.141092151655661,
LOW,1.09,^SP500-2550,1.141092151655661,
TSLA,2.29,^SP500-2550,1.141092151655661,
HD,1.003,^SP500-2550,1.141092151655661,
TM,0.434,^SP500-2550,1.141092151655661,
PDD,0.681,^SP500-2550,1.141092151655661,
MCD,0.724,^SP500-2550,1.141092151655661,
BABA,0.328,^SP500-2550,1.141092151655661,
BKNG,1.4,^SP500-2550,1.141092151655661,
TJX,0.889,^SP500-2550,1.141092151655661,"Date
2023-10-01         NaN
2023-11-01    0.000454
2023-12-01    0.068612
2024-01-01    0.011726
2024-02-01    0.044569
2024-03-01    0.026487
2024-04-01   -0.072274
2024-05-01    0.095759
2024-06-01    0.071954
2024-07-01    0.026521
2024-08-01    0.037604
2024-09-01   -0.010669
Name: Monthly Return, dtype: float64"
LOW,1.09,^SP500-2550,1.141092151655661,
TSLA,2.29,^SP500-2550,1.141092151655661,
HD,1.003,^SP500-2550,1.141092151655661,
TM,0.434,^SP500-2550,1.141092151655661,
PDD,0.681,^SP500-2550,1.141092151655661,
MCD,0.724,^SP500-2550,1.141092151655661,
BABA,0.328,^SP500-2550,1.141092151655661,
BKNG,1.4,^SP500-2550,1.141092151655661,
TJX,0.889,^SP500-2550,1.141092151655661,
LOW,1.09,^SP500-2550,1.141092151655661,"Date
2023-10-01         NaN
2023-11-01    0.049472
2023-12-01    0.119298
2024-01-01   -0.043631
2024-02-01    0.136441
2024-03-01    0.058420
2024-04-01   -0.104974
2024-05-01   -0.024748
2024-06-01   -0.003751
2024-07-01    0.113626
2024-08-01    0.017087
2024-09-01   -0.018873
Name: Monthly Return, dtype: float64"
TSLA,2.29,^SP500-2550,1.141092151655661,
HD,1.003,^SP500-2550,1.141092151655661,
TM,0.434,^SP500-2550,1.141092151655661,
PDD,0.681,^SP500-2550,1.141092151655661,"Date
2023-10-01         NaN
2023-11-01    0.453757
2023-12-01   -0.007664
2024-01-01   -0.132869
2024-02-01   -0.018365
2024-03-01   -0.066565
2024-04-01    0.076817
2024-05-01    0.196517
2024-06-01   -0.112365
2024-07-01   -0.030538
2024-08-01   -0.254325
2024-09-01   -0.029237
Name: Monthly Return, dtype: float64"
MCD,0.724,^SP500-2550,1.141092151655661,
BABA,0.328,^SP500-2550,1.141092151655661,
BKNG,1.4,^SP500-2550,1.141092151655661,
TJX,0.889,^SP500-2550,1.141092151655661,
LOW,1.09,^SP500-2550,1.141092151655661,
TSLA,2.29,^SP500-2550,1.141092151655661,
HD,1.003,^SP500-2550,1.141092151655661,
TM,0.434,^SP500-2550,1.141092151655661,
PDD,0.681,^SP500-2550,1.141092151655661,
MCD,0.724,^SP500-2550,1.141092151655661,
BABA,0.328,^SP500-2550,1.141092151655661,
BKNG,1.4,^SP500-2550,1.141092151655661,"Date
2023-10-01         NaN
2023-11-01    0.120499
2023-12-01    0.134856
2024-01-01   -0.011206
2024-02-01   -0.011016
2024-03-01    0.045851
2024-04-01   -0.046037
2024-05-01    0.093950
2024-06-01    0.049029
2024-07-01   -0.060063
2024-08-01    0.052280
2024-09-01   -0.043289
Name: Monthly Return, dtype: float64"
TJX,0.889,^SP500-2550,1.141092151655661,
LOW,1.09,^SP500-2550,1.141092151655661,
TSLA,2.29,^SP500-2550,1.141092151655661,
HD,1.003,^SP500-2550,1.141092151655661,
TM,0.434,^SP500-2550,1.141092151655661,
PDD,0.681,^SP500-2550,1.141092151655661,
MCD,0.724,^SP500-2550,1.141092151655661,
BABA,0.328,^SP500-2550,1.141092151655661,
BKNG,1.4,^SP500-2550,1.141092151655661,
TJX,0.889,^SP500-2550,1.141092151655661,"Date
2023-10-01         NaN
2023-11-01    0.000454
2023-12-01    0.068612
2024-01-01    0.011726
2024-02-01    0.044569
2024-03-01    0.026487
2024-04-01   -0.072274
2024-05-01    0.095759
2024-06-01    0.071954
2024-07-01    0.026521
2024-08-01    0.037604
2024-09-01   -0.010669
Name: Monthly Return, dtype: float64"
LOW,1.09,^SP500-2550,1.141092151655661,
TSLA,2.29,^SP500-2550,1.141092151655661,
HD,1.003,^SP500-2550,1.141092151655661,
TM,0.434,^SP500-2550,1.141092151655661,
PDD,0.681,^SP500-2550,1.141092151655661,
MCD,0.724,^SP500-2550,1.141092151655661,
BABA,0.328,^SP500-2550,1.141092151655661,"Date
2023-10-01         NaN
2023-11-01   -0.092804
2023-12-01    0.035123
2024-01-01   -0.056378
2024-02-01    0.025772
2024-03-01   -0.022558
2024-04-01    0.034411
2024-05-01    0.046627
2024-06-01   -0.080929
2024-07-01    0.118940
2024-08-01    0.056944
2024-09-01   -0.025918
Name: Monthly Return, dtype: float64"
BKNG,1.4,^SP500-2550,1.141092151655661,"Date
2023-10-01         NaN
2023-11-01    0.120499
2023-12-01    0.134856
2024-01-01   -0.011206
2024-02-01   -0.011017
2024-03-01    0.045851
2024-04-01   -0.046037
2024-05-01    0.093950
2024-06-01    0.049029
2024-07-01   -0.060063
2024-08-01    0.052280
2024-09-01   -0.043289
Name: Monthly Return, dtype: float64"
TJX,0.889,^SP500-2550,1.141092151655661,
LOW,1.09,^SP500-2550,1.141092151655661,
TSLA,2.29,^SP500-2550,1.141092151655661,
HD,1.003,^SP500-2550,1.141092151655661,
TM,0.434,^SP500-2550,1.141092151655661,
PDD,0.681,^SP500-2550,1.141092151655661,
MCD,0.724,^SP500-2550,1.141092151655661,
BABA,0.328,^SP500-2550,1.141092151655661,
BKNG,1.4,^SP500-2550,1.141092151655661,
TJX,0.889,^SP500-2550,1.141092151655661,
LOW,1.09,^SP500-2550,1.141092151655661,"Date
2023-10-01         NaN
2023-11-01    0.049472
2023-12-01    0.119298
2024-01-01   -0.043631
2024-02-01    0.136441
2024-03-01    0.058420
2024-04-01   -0.104974
2024-05-01   -0.024748
2024-06-01   -0.003751
2024-07-01    0.113626
2024-08-01    0.017087
2024-09-01   -0.018873
Name: Monthly Return, dtype: float64"
WMT,0.515,^SP500-3010,0.6386153660311981,
COST,0.788,^SP500-3010,0.6386153660311981,
PG,0.407,^SP500-3010,0.6386153660311981,
KO,0.609,^SP500-3010,0.6386153660311981,
PEP,0.541,^SP500-3010,0.6386153660311981,
PM,0.578,^SP500-3010,0.6386153660311981,
UL,0.219,^SP500-3010,0.6386153660311981,
BUD,0.981,^SP500-3010,0.6386153660311981,
MDLZ,0.548,^SP500-3010,0.6386153660311981,
MO,0.687,^SP500-3010,0.6386153660311981,
WMT,0.515,^SP500-3010,0.6386153660311981,
COST,0.788,^SP500-3010,0.6386153660311981,
PG,0.407,^SP500-3010,0.6386153660311981,
KO,0.609,^SP500-3010,0.6386153660311981,
PEP,0.541,^SP500-3010,0.6386153660311981,
PM,0.578,^SP500-3010,0.6386153660311981,
UL,0.219,^SP500-3010,0.6386153660311981,
BUD,0.981,^SP500-3010,0.6386153660311981,
MDLZ,0.548,^SP500-3010,0.6386153660311981,
MO,0.687,^SP500-3010,0.6386153660311981,
WMT,0.515,^SP500-3010,0.6386153660311981,
COST,0.788,^SP500-3010,0.6386153660311981,
PG,0.407,^SP500-3010,0.6386153660311981,
KO,0.609,^SP500-3010,0.6386153660311981,
PEP,0.541,^SP500-3010,0.6386153660311981,
PM,0.578,^SP500-3010,0.6386153660311981,
UL,0.219,^SP500-3010,0.6386153660311981,
BUD,0.981,^SP500-3010,0.6386153660311981,
MDLZ,0.548,^SP500-3010,0.6386153660311981,
MO,0.687,^SP500-3010,0.6386153660311981,
WMT,0.515,^SP500-3010,0.6386153660311981,
COST,0.788,^SP500-3010,0.6386153660311981,
PG,0.407,^SP500-3010,0.6386153660311981,
KO,0.609,^SP500-3010,0.6386153660311981,
PEP,0.541,^SP500-3010,0.6386153660311981,
PM,0.578,^SP500-3010,0.6386153660311981,
UL,0.219,^SP500-3010,0.6386153660311981,
BUD,0.981,^SP500-3010,0.6386153660311981,
MDLZ,0.548,^SP500-3010,0.6386153660311981,
MO,0.687,^SP500-3010,0.6386153660311981,
WMT,0.515,^SP500-3010,0.6386153660311981,
COST,0.788,^SP500-3010,0.6386153660311981,
PG,0.407,^SP500-3010,0.6386153660311981,
KO,0.609,^SP500-3010,0.6386153660311981,
PEP,0.541,^SP500-3010,0.6386153660311981,
PM,0.578,^SP500-3010,0.6386153660311981,
UL,0.219,^SP500-3010,0.6386153660311981,
BUD,0.981,^SP500-3010,0.6386153660311981,
MDLZ,0.548,^SP500-3010,0.6386153660311981,
MO,0.687,^SP500-3010,0.6386153660311981,
WMT,0.515,^SP500-3010,0.6386153660311981,
COST,0.788,^SP500-3010,0.6386153660311981,
PG,0.407,^SP500-3010,0.6386153660311981,
KO,0.609,^SP500-3010,0.6386153660311981,
PEP,0.541,^SP500-3010,0.6386153660311981,
PM,0.578,^SP500-3010,0.6386153660311981,
UL,0.219,^SP500-3010,0.6386153660311981,
BUD,0.981,^SP500-3010,0.6386153660311981,
MDLZ,0.548,^SP500-3010,0.6386153660311981,
MO,0.687,^SP500-3010,0.6386153660311981,
WMT,0.515,^SP500-3010,0.6386153660311981,
COST,0.788,^SP500-3010,0.6386153660311981,
PG,0.407,^SP500-3010,0.6386153660311981,
KO,0.609,^SP500-3010,0.6386153660311981,
PEP,0.541,^SP500-3010,0.6386153660311981,
PM,0.578,^SP500-3010,0.6386153660311981,
UL,0.219,^SP500-3010,0.6386153660311981,
BUD,0.981,^SP500-3010,0.6386153660311981,
MDLZ,0.548,^SP500-3010,0.6386153660311981,
MO,0.687,^SP500-3010,0.6386153660311981,"Date
2023-10-01         NaN
2023-11-01    0.046552
2023-12-01   -0.040438
2024-01-01    0.018055
2024-02-01    0.019691
2024-03-01    0.066243
2024-04-01    0.026741
2024-05-01    0.055695
2024-06-01   -0.015135
2024-07-01    0.099513
2024-08-01    0.097123
2024-09-01   -0.001488
Name: Monthly Return, dtype: float64"
WMT,0.515,^SP500-3010,0.6386153660311981,
COST,0.788,^SP500-3010,0.6386153660311981,
PG,0.407,^SP500-3010,0.6386153660311981,
KO,0.609,^SP500-3010,0.6386153660311981,
PEP,0.541,^SP500-3010,0.6386153660311981,
PM,0.578,^SP500-3010,0.6386153660311981,"Date
2023-10-01         NaN
2023-11-01    0.047106
2023-12-01    0.007712
2024-01-01   -0.020973
2024-02-01   -0.009796
2024-03-01    0.018453
2024-04-01    0.050616
2024-05-01    0.067832
2024-06-01   -0.000493
2024-07-01    0.151274
2024-08-01    0.070597
2024-09-01    0.020440
Name: Monthly Return, dtype: float64"
UL,0.219,^SP500-3010,0.6386153660311981,
BUD,0.981,^SP500-3010,0.6386153660311981,
MDLZ,0.548,^SP500-3010,0.6386153660311981,
MO,0.687,^SP500-3010,0.6386153660311981,
WMT,0.515,^SP500-3010,0.6386153660311981,
COST,0.788,^SP500-3010,0.6386153660311981,
PG,0.407,^SP500-3010,0.6386153660311981,
KO,0.609,^SP500-3010,0.6386153660311981,
PEP,0.541,^SP500-3010,0.6386153660311981,
PM,0.578,^SP500-3010,0.6386153660311981,
UL,0.219,^SP500-3010,0.6386153660311981,
BUD,0.981,^SP500-3010,0.6386153660311981,
MDLZ,0.548,^SP500-3010,0.6386153660311981,
MO,0.687,^SP500-3010,0.6386153660311981,
WMT,0.515,^SP500-3010,0.6386153660311981,
COST,0.788,^SP500-3010,0.6386153660311981,
PG,0.407,^SP500-3010,0.6386153660311981,
KO,0.609,^SP500-3010,0.6386153660311981,
PEP,0.541,^SP500-3010,0.6386153660311981,
PM,0.578,^SP500-3010,0.6386153660311981,
UL,0.219,^SP500-3010,0.6386153660311981,
BUD,0.981,^SP500-3010,0.6386153660311981,
MDLZ,0.548,^SP500-3010,0.6386153660311981,
MO,0.687,^SP500-3010,0.6386153660311981,
XOM,0.878,^GSPE,0.1966580807665126,
CVX,1.08,^GSPE,0.1966580807665126,
SHEL,0.506,^GSPE,0.1966580807665126,
COP,1.228,^GSPE,0.1966580807665126,
BP,0.492,^GSPE,0.1966580807665126,
PBR,0.992,^GSPE,0.1966580807665126,
EQNR,0.259,^GSPE,0.1966580807665126,
CNQ,1.91,^GSPE,0.1966580807665126,
XOM,0.878,^GSPE,0.1966580807665126,
CVX,1.08,^GSPE,0.1966580807665126,
SHEL,0.506,^GSPE,0.1966580807665126,
COP,1.228,^GSPE,0.1966580807665126,
BP,0.492,^GSPE,0.1966580807665126,
PBR,0.992,^GSPE,0.1966580807665126,
EQNR,0.259,^GSPE,0.1966580807665126,
CNQ,1.91,^GSPE,0.1966580807665126,
XOM,0.878,^GSPE,0.1966580807665126,
CVX,1.08,^GSPE,0.1966580807665126,
SHEL,0.506,^GSPE,0.1966580807665126,
COP,1.228,^GSPE,0.1966580807665126,
BP,0.492,^GSPE,0.1966580807665126,
PBR,0.992,^GSPE,0.1966580807665126,
EQNR,0.259,^GSPE,0.1966580807665126,
CNQ,1.91,^GSPE,0.1966580807665126,
XOM,0.878,^GSPE,0.1966580807665126,
CVX,1.08,^GSPE,0.1966580807665126,
SHEL,0.506,^GSPE,0.1966580807665126,
COP,1.228,^GSPE,0.1966580807665126,
BP,0.492,^GSPE,0.1966580807665126,
PBR,0.992,^GSPE,0.1966580807665126,
EQNR,0.259,^GSPE,0.1966580807665126,
CNQ,1.91,^GSPE,0.1966580807665126,
XOM,0.878,^GSPE,0.1966580807665126,
CVX,1.08,^GSPE,0.1966580807665126,
SHEL,0.506,^GSPE,0.1966580807665126,
COP,1.228,^GSPE,0.1966580807665126,
BP,0.492,^GSPE,0.1966580807665126,
PBR,0.992,^GSPE,0.1966580807665126,
EQNR,0.259,^GSPE,0.1966580807665126,
CNQ,1.91,^GSPE,0.1966580807665126,
XOM,0.878,^GSPE,0.1966580807665126,
CVX,1.08,^GSPE,0.1966580807665126,
SHEL,0.506,^GSPE,0.1966580807665126,
COP,1.228,^GSPE,0.1966580807665126,
BP,0.492,^GSPE,0.1966580807665126,
PBR,0.992,^GSPE,0.1966580807665126,
EQNR,0.259,^GSPE,0.1966580807665126,
CNQ,1.91,^GSPE,0.1966580807665126,
XOM,0.878,^GSPE,0.1966580807665126,
CVX,1.08,^GSPE,0.1966580807665126,
SHEL,0.506,^GSPE,0.1966580807665126,
COP,1.228,^GSPE,0.1966580807665126,
BP,0.492,^GSPE,0.1966580807665126,
PBR,0.992,^GSPE,0.1966580807665126,
EQNR,0.259,^GSPE,0.1966580807665126,
CNQ,1.91,^GSPE,0.1966580807665126,
XOM,0.878,^GSPE,0.1966580807665126,
CVX,1.08,^GSPE,0.1966580807665126,
SHEL,0.506,^GSPE,0.1966580807665126,
COP,1.228,^GSPE,0.1966580807665126,
BP,0.492,^GSPE,0.1966580807665126,
PBR,0.992,^GSPE,0.1966580807665126,
EQNR,0.259,^GSPE,0.1966580807665126,
CNQ,1.91,^GSPE,0.1966580807665126,
XOM,0.878,^GSPE,0.1966580807665126,
CVX,1.08,^GSPE,0.1966580807665126,
SHEL,0.506,^GSPE,0.1966580807665126,
COP,1.228,^GSPE,0.1966580807665126,
BP,0.492,^GSPE,0.1966580807665126,
PBR,0.992,^GSPE,0.1966580807665126,
EQNR,0.259,^GSPE,0.1966580807665126,
CNQ,1.91,^GSPE,0.1966580807665126,
JPM,1.105,^SP500-40,1.2196662928237676,
V,0.963,^SP500-40,1.2196662928237676,
MA,1.103,^SP500-40,1.2196662928237676,
BAC,1.34,^SP500-40,1.2196662928237676,
WFC,1.161,^SP500-40,1.2196662928237676,
AXP,1.212,^SP500-40,1.2196662928237676,
MS,1.357,^SP500-40,1.2196662928237676,
HSBC,0.524,^SP500-40,1.2196662928237676,
RY,0.841,^SP500-40,1.2196662928237676,
GS,1.353,^SP500-40,1.2196662928237676,
JPM,1.105,^SP500-40,1.2196662928237676,
V,0.963,^SP500-40,1.2196662928237676,
MA,1.103,^SP500-40,1.2196662928237676,
BAC,1.34,^SP500-40,1.2196662928237676,
WFC,1.161,^SP500-40,1.2196662928237676,
AXP,1.212,^SP500-40,1.2196662928237676,
MS,1.357,^SP500-40,1.2196662928237676,
HSBC,0.524,^SP500-40,1.2196662928237676,
RY,0.841,^SP500-40,1.2196662928237676,
GS,1.353,^SP500-40,1.2196662928237676,
JPM,1.105,^SP500-40,1.2196662928237676,
V,0.963,^SP500-40,1.2196662928237676,
MA,1.103,^SP500-40,1.2196662928237676,
BAC,1.34,^SP500-40,1.2196662928237676,
WFC,1.161,^SP500-40,1.2196662928237676,
AXP,1.212,^SP500-40,1.2196662928237676,
MS,1.357,^SP500-40,1.2196662928237676,
HSBC,0.524,^SP500-40,1.2196662928237676,
RY,0.841,^SP500-40,1.2196662928237676,
GS,1.353,^SP500-40,1.2196662928237676,
JPM,1.105,^SP500-40,1.2196662928237676,
V,0.963,^SP500-40,1.2196662928237676,
MA,1.103,^SP500-40,1.2196662928237676,
BAC,1.34,^SP500-40,1.2196662928237676,
WFC,1.161,^SP500-40,1.2196662928237676,
AXP,1.212,^SP500-40,1.2196662928237676,"Date
2023-10-01         NaN
2023-11-01    0.174222
2023-12-01    0.097031
2024-01-01    0.071528
2024-02-01    0.096587
2024-03-01    0.037690
2024-04-01    0.027845
2024-05-01    0.028687
2024-06-01   -0.035208
2024-07-01    0.092809
2024-08-01    0.025215
2024-09-01   -0.056408
Name: Monthly Return, dtype: float64"
MS,1.357,^SP500-40,1.2196662928237676,
HSBC,0.524,^SP500-40,1.2196662928237676,
RY,0.841,^SP500-40,1.2196662928237676,
GS,1.353,^SP500-40,1.2196662928237676,
JPM,1.105,^SP500-40,1.2196662928237676,
V,0.963,^SP500-40,1.2196662928237676,
MA,1.103,^SP500-40,1.2196662928237676,
BAC,1.34,^SP500-40,1.2196662928237676,
WFC,1.161,^SP500-40,1.2196662928237676,
AXP,1.212,^SP500-40,1.2196662928237676,
MS,1.357,^SP500-40,1.2196662928237676,
HSBC,0.524,^SP500-40,1.2196662928237676,
RY,0.841,^SP500-40,1.2196662928237676,
GS,1.353,^SP500-40,1.2196662928237676,
JPM,1.105,^SP500-40,1.2196662928237676,
V,0.963,^SP500-40,1.2196662928237676,
MA,1.103,^SP500-40,1.2196662928237676,
BAC,1.34,^SP500-40,1.2196662928237676,
WFC,1.161,^SP500-40,1.2196662928237676,
AXP,1.212,^SP500-40,1.2196662928237676,
MS,1.357,^SP500-40,1.2196662928237676,
HSBC,0.524,^SP500-40,1.2196662928237676,
RY,0.841,^SP500-40,1.2196662928237676,
GS,1.353,^SP500-40,1.2196662928237676,
JPM,1.105,^SP500-40,1.2196662928237676,
V,0.963,^SP500-40,1.2196662928237676,
MA,1.103,^SP500-40,1.2196662928237676,
BAC,1.34,^SP500-40,1.2196662928237676,
WFC,1.161,^SP500-40,1.2196662928237676,
AXP,1.212,^SP500-40,1.2196662928237676,
MS,1.357,^SP500-40,1.2196662928237676,
HSBC,0.524,^SP500-40,1.2196662928237676,
RY,0.841,^SP500-40,1.2196662928237676,
GS,1.353,^SP500-40,1.2196662928237676,
JPM,1.105,^SP500-40,1.2196662928237676,
V,0.963,^SP500-40,1.2196662928237676,
MA,1.103,^SP500-40,1.2196662928237676,
BAC,1.34,^SP500-40,1.2196662928237676,
WFC,1.161,^SP500-40,1.2196662928237676,
AXP,1.212,^SP500-40,1.2196662928237676,
MS,1.357,^SP500-40,1.2196662928237676,
HSBC,0.524,^SP500-40,1.2196662928237676,
RY,0.841,^SP500-40,1.2196662928237676,
GS,1.353,^SP500-40,1.2196662928237676,
JPM,1.105,^SP500-40,1.2196662928237676,
V,0.963,^SP500-40,1.2196662928237676,
MA,1.103,^SP500-40,1.2196662928237676,
BAC,1.34,^SP500-40,1.2196662928237676,
WFC,1.161,^SP500-40,1.2196662928237676,
AXP,1.212,^SP500-40,1.2196662928237676,
MS,1.357,^SP500-40,1.2196662928237676,
HSBC,0.524,^SP500-40,1.2196662928237676,
RY,0.841,^SP500-40,1.2196662928237676,
GS,1.353,^SP500-40,1.2196662928237676,
JPM,1.105,^SP500-40,1.2196662928237676,
V,0.963,^SP500-40,1.2196662928237676,
MA,1.103,^SP500-40,1.2196662928237676,
BAC,1.34,^SP500-40,1.2196662928237676,
WFC,1.161,^SP500-40,1.2196662928237676,
AXP,1.212,^SP500-40,1.2196662928237676,
MS,1.357,^SP500-40,1.2196662928237676,
HSBC,0.524,^SP500-40,1.2196662928237676,
RY,0.841,^SP500-40,1.2196662928237676,
GS,1.353,^SP500-40,1.2196662928237676,
JPM,1.105,^SP500-40,1.2196662928237676,"Date
2023-10-01         NaN
2023-11-01    0.130675
2023-12-01    0.089826
2024-01-01    0.025044
2024-02-01    0.073683
2024-03-01    0.076535
2024-04-01   -0.042736
2024-05-01    0.062960
2024-06-01   -0.001826
2024-07-01    0.052111
2024-08-01    0.062245
2024-09-01   -0.054893
Name: Monthly Return, dtype: float64"
V,0.963,^SP500-40,1.2196662928237676,
MA,1.103,^SP500-40,1.2196662928237676,
BAC,1.34,^SP500-40,1.2196662928237676,
WFC,1.161,^SP500-40,1.2196662928237676,"Date
2023-10-01         NaN
2023-11-01    0.121197
2023-12-01    0.113676
2024-01-01    0.019504
2024-02-01    0.107812
2024-03-01    0.049957
2024-04-01    0.023464
2024-05-01    0.010115
2024-06-01   -0.003147
2024-07-01   -0.000842
2024-08-01   -0.014661
2024-09-01   -0.069394
Name: Monthly Return, dtype: float64"
AXP,1.212,^SP500-40,1.2196662928237676,
MS,1.357,^SP500-40,1.2196662928237676,
HSBC,0.524,^SP500-40,1.2196662928237676,
RY,0.841,^SP500-40,1.2196662928237676,
GS,1.353,^SP500-40,1.2196662928237676,
LLY,0.422,^SP500-35,0.774534593764088,
NVO,0.148,^SP500-35,0.774534593764088,
UNH,0.595,^SP500-35,0.774534593764088,
JNJ,0.519,^SP500-35,0.774534593764088,
MRK,0.401,^SP500-35,0.774534593764088,
ABBV,0.619,^SP500-35,0.774534593764088,
AZN,0.167,^SP500-35,0.774534593764088,
NVS,0.498,^SP500-35,0.774534593764088,
TMO,0.778,^SP500-35,0.774534593764088,
DHR,0.861,^SP500-35,0.774534593764088,
LLY,0.422,^SP500-35,0.774534593764088,
NVO,0.148,^SP500-35,0.774534593764088,
UNH,0.595,^SP500-35,0.774534593764088,
JNJ,0.519,^SP500-35,0.774534593764088,
MRK,0.401,^SP500-35,0.774534593764088,
ABBV,0.619,^SP500-35,0.774534593764088,
AZN,0.167,^SP500-35,0.774534593764088,
NVS,0.498,^SP500-35,0.774534593764088,
TMO,0.778,^SP500-35,0.774534593764088,
DHR,0.861,^SP500-35,0.774534593764088,
LLY,0.422,^SP500-35,0.774534593764088,
NVO,0.148,^SP500-35,0.774534593764088,
UNH,0.595,^SP500-35,0.774534593764088,
JNJ,0.519,^SP500-35,0.774534593764088,
MRK,0.401,^SP500-35,0.774534593764088,
ABBV,0.619,^SP500-35,0.774534593764088,
AZN,0.167,^SP500-35,0.774534593764088,
NVS,0.498,^SP500-35,0.774534593764088,
TMO,0.778,^SP500-35,0.774534593764088,
DHR,0.861,^SP500-35,0.774534593764088,
LLY,0.422,^SP500-35,0.774534593764088,
NVO,0.148,^SP500-35,0.774534593764088,
UNH,0.595,^SP500-35,0.774534593764088,
JNJ,0.519,^SP500-35,0.774534593764088,
MRK,0.401,^SP500-35,0.774534593764088,
ABBV,0.619,^SP500-35,0.774534593764088,
AZN,0.167,^SP500-35,0.774534593764088,
NVS,0.498,^SP500-35,0.774534593764088,
TMO,0.778,^SP500-35,0.774534593764088,
DHR,0.861,^SP500-35,0.774534593764088,
LLY,0.422,^SP500-35,0.774534593764088,
NVO,0.148,^SP500-35,0.774534593764088,
UNH,0.595,^SP500-35,0.774534593764088,
JNJ,0.519,^SP500-35,0.774534593764088,
MRK,0.401,^SP500-35,0.774534593764088,
ABBV,0.619,^SP500-35,0.774534593764088,
AZN,0.167,^SP500-35,0.774534593764088,
NVS,0.498,^SP500-35,0.774534593764088,
TMO,0.778,^SP500-35,0.774534593764088,
DHR,0.861,^SP500-35,0.774534593764088,
LLY,0.422,^SP500-35,0.774534593764088,
NVO,0.148,^SP500-35,0.774534593764088,
UNH,0.595,^SP500-35,0.774534593764088,
JNJ,0.519,^SP500-35,0.774534593764088,
MRK,0.401,^SP500-35,0.774534593764088,
ABBV,0.619,^SP500-35,0.774534593764088,
AZN,0.167,^SP500-35,0.774534593764088,
NVS,0.498,^SP500-35,0.774534593764088,
TMO,0.778,^SP500-35,0.774534593764088,
DHR,0.861,^SP500-35,0.774534593764088,
LLY,0.422,^SP500-35,0.774534593764088,
NVO,0.148,^SP500-35,0.774534593764088,
UNH,0.595,^SP500-35,0.774534593764088,
JNJ,0.519,^SP500-35,0.774534593764088,
MRK,0.401,^SP500-35,0.774534593764088,
ABBV,0.619,^SP500-35,0.774534593764088,
AZN,0.167,^SP500-35,0.774534593764088,
NVS,0.498,^SP500-35,0.774534593764088,
TMO,0.778,^SP500-35,0.774534593764088,
DHR,0.861,^SP500-35,0.774534593764088,
LLY,0.422,^SP500-35,0.774534593764088,
NVO,0.148,^SP500-35,0.774534593764088,
UNH,0.595,^SP500-35,0.774534593764088,
JNJ,0.519,^SP500-35,0.774534593764088,
MRK,0.401,^SP500-35,0.774534593764088,
ABBV,0.619,^SP500-35,0.774534593764088,
AZN,0.167,^SP500-35,0.774534593764088,
NVS,0.498,^SP500-35,0.774534593764088,
TMO,0.778,^SP500-35,0.774534593764088,
DHR,0.861,^SP500-35,0.774534593764088,
LLY,0.422,^SP500-35,0.774534593764088,
NVO,0.148,^SP500-35,0.774534593764088,
UNH,0.595,^SP500-35,0.774534593764088,
JNJ,0.519,^SP500-35,0.774534593764088,
MRK,0.401,^SP500-35,0.774534593764088,
ABBV,0.619,^SP500-35,0.774534593764088,
AZN,0.167,^SP500-35,0.774534593764088,
NVS,0.498,^SP500-35,0.774534593764088,
TMO,0.778,^SP500-35,0.774534593764088,
DHR,0.861,^SP500-35,0.774534593764088,
LLY,0.422,^SP500-35,0.774534593764088,
NVO,0.148,^SP500-35,0.774534593764088,
UNH,0.595,^SP500-35,0.774534593764088,
JNJ,0.519,^SP500-35,0.774534593764088,
MRK,0.401,^SP500-35,0.774534593764088,
ABBV,0.619,^SP500-35,0.774534593764088,
AZN,0.167,^SP500-35,0.774534593764088,
NVS,0.498,^SP500-35,0.774534593764088,
TMO,0.778,^SP500-35,0.774534593764088,
DHR,0.861,^SP500-35,0.774534593764088,
GE,1.179,^SP500-20,0.9920236319652967,
CAT,1.089,^SP500-20,0.9920236319652967,
HON,1.027,^SP500-20,0.9920236319652967,
UNP,1.053,^SP500-20,0.9920236319652967,
RTX,0.544,^SP500-20,0.9920236319652967,
ETN,1.007,^SP500-20,0.9920236319652967,
UPS,0.977,^SP500-20,0.9920236319652967,
BA,1.575,^SP500-20,0.9920236319652967,
LMT,0.469,^SP500-20,0.9920236319652967,
DE,0.929,^SP500-20,0.9920236319652967,
GE,1.179,^SP500-20,0.9920236319652967,
CAT,1.089,^SP500-20,0.9920236319652967,
HON,1.027,^SP500-20,0.9920236319652967,
UNP,1.053,^SP500-20,0.9920236319652967,
RTX,0.544,^SP500-20,0.9920236319652967,
ETN,1.007,^SP500-20,0.9920236319652967,
UPS,0.977,^SP500-20,0.9920236319652967,
BA,1.575,^SP500-20,0.9920236319652967,
LMT,0.469,^SP500-20,0.9920236319652967,
DE,0.929,^SP500-20,0.9920236319652967,
GE,1.179,^SP500-20,0.9920236319652967,
CAT,1.089,^SP500-20,0.9920236319652967,
HON,1.027,^SP500-20,0.9920236319652967,
UNP,1.053,^SP500-20,0.9920236319652967,
RTX,0.544,^SP500-20,0.9920236319652967,
ETN,1.007,^SP500-20,0.9920236319652967,
UPS,0.977,^SP500-20,0.9920236319652967,
BA,1.575,^SP500-20,0.9920236319652967,
LMT,0.469,^SP500-20,0.9920236319652967,
DE,0.929,^SP500-20,0.9920236319652967,
GE,1.179,^SP500-20,0.9920236319652967,
CAT,1.089,^SP500-20,0.9920236319652967,
HON,1.027,^SP500-20,0.9920236319652967,
UNP,1.053,^SP500-20,0.9920236319652967,
RTX,0.544,^SP500-20,0.9920236319652967,
ETN,1.007,^SP500-20,0.9920236319652967,
UPS,0.977,^SP500-20,0.9920236319652967,
BA,1.575,^SP500-20,0.9920236319652967,"Date
2023-10-01         NaN
2023-11-01    0.239857
2023-12-01    0.125329
2024-01-01   -0.190363
2024-02-01   -0.034685
2024-03-01   -0.052670
2024-04-01   -0.130318
2024-05-01    0.058210
2024-06-01    0.024773
2024-07-01    0.047195
2024-08-01   -0.088458
2024-09-01   -0.092782
Name: Monthly Return, dtype: float64"
LMT,0.469,^SP500-20,0.9920236319652967,
DE,0.929,^SP500-20,0.9920236319652967,
GE,1.179,^SP500-20,0.9920236319652967,
CAT,1.089,^SP500-20,0.9920236319652967,
HON,1.027,^SP500-20,0.9920236319652967,
UNP,1.053,^SP500-20,0.9920236319652967,
RTX,0.544,^SP500-20,0.9920236319652967,
ETN,1.007,^SP500-20,0.9920236319652967,
UPS,0.977,^SP500-20,0.9920236319652967,
BA,1.575,^SP500-20,0.9920236319652967,
LMT,0.469,^SP500-20,0.9920236319652967,
DE,0.929,^SP500-20,0.9920236319652967,
GE,1.179,^SP500-20,0.9920236319652967,
CAT,1.089,^SP500-20,0.9920236319652967,
HON,1.027,^SP500-20,0.9920236319652967,
UNP,1.053,^SP500-20,0.9920236319652967,
RTX,0.544,^SP500-20,0.9920236319652967,
ETN,1.007,^SP500-20,0.9920236319652967,
UPS,0.977,^SP500-20,0.9920236319652967,
BA,1.575,^SP500-20,0.9920236319652967,
LMT,0.469,^SP500-20,0.9920236319652967,
DE,0.929,^SP500-20,0.9920236319652967,
GE,1.179,^SP500-20,0.9920236319652967,
CAT,1.089,^SP500-20,0.9920236319652967,
HON,1.027,^SP500-20,0.9920236319652967,
UNP,1.053,^SP500-20,0.9920236319652967,
RTX,0.544,^SP500-20,0.9920236319652967,
ETN,1.007,^SP500-20,0.9920236319652967,
UPS,0.977,^SP500-20,0.9920236319652967,
BA,1.575,^SP500-20,0.9920236319652967,
LMT,0.469,^SP500-20,0.9920236319652967,
DE,0.929,^SP500-20,0.9920236319652967,
GE,1.179,^SP500-20,0.9920236319652967,
CAT,1.089,^SP500-20,0.9920236319652967,
HON,1.027,^SP500-20,0.9920236319652967,
UNP,1.053,^SP500-20,0.9920236319652967,
RTX,0.544,^SP500-20,0.9920236319652967,
ETN,1.007,^SP500-20,0.9920236319652967,
UPS,0.977,^SP500-20,0.9920236319652967,
BA,1.575,^SP500-20,0.9920236319652967,
LMT,0.469,^SP500-20,0.9920236319652967,
DE,0.929,^SP500-20,0.9920236319652967,
GE,1.179,^SP500-20,0.9920236319652967,
CAT,1.089,^SP500-20,0.9920236319652967,
HON,1.027,^SP500-20,0.9920236319652967,
UNP,1.053,^SP500-20,0.9920236319652967,
RTX,0.544,^SP500-20,0.9920236319652967,
ETN,1.007,^SP500-20,0.9920236319652967,
UPS,0.977,^SP500-20,0.9920236319652967,
BA,1.575,^SP500-20,0.9920236319652967,
LMT,0.469,^SP500-20,0.9920236319652967,
DE,0.929,^SP500-20,0.9920236319652967,
GE,1.179,^SP500-20,0.9920236319652967,
CAT,1.089,^SP500-20,0.9920236319652967,
HON,1.027,^SP500-20,0.9920236319652967,
UNP,1.053,^SP500-20,0.9920236319652967,
RTX,0.544,^SP500-20,0.9920236319652967,
ETN,1.007,^SP500-20,0.9920236319652967,
UPS,0.977,^SP500-20,0.9920236319652967,
BA,1.575,^SP500-20,0.9920236319652967,
LMT,0.469,^SP500-20,0.9920236319652967,
DE,0.929,^SP500-20,0.9920236319652967,
LIN,0.945,^SP500-15,1.1629369401915914,
BHP,0.838,^SP500-15,1.1629369401915914,
RIO,0.594,^SP500-15,1.1629369401915914,
SCCO,1.176,^SP500-15,1.1629369401915914,
SHW,1.168,^SP500-15,1.1629369401915914,
FCX,1.891,^SP500-15,1.1629369401915914,
ECL,1.136,^SP500-15,1.1629369401915914,
APD,0.828,^SP500-15,1.1629369401915914,
CRH,1.384,^SP500-15,1.1629369401915914,
NEM,0.513,^SP500-15,1.1629369401915914,
LIN,0.945,^SP500-15,1.1629369401915914,
BHP,0.838,^SP500-15,1.1629369401915914,
RIO,0.594,^SP500-15,1.1629369401915914,
SCCO,1.176,^SP500-15,1.1629369401915914,"Date
2023-10-01         NaN
2023-11-01    0.014527
2023-12-01    0.212920
2024-01-01   -0.046125
2024-02-01   -0.015104
2024-03-01    0.330618
2024-04-01    0.095287
2024-05-01    0.016800
2024-06-01   -0.091798
2024-07-01   -0.010488
2024-08-01   -0.041098
2024-09-01   -0.069352
Name: Monthly Return, dtype: float64"
SHW,1.168,^SP500-15,1.1629369401915914,
FCX,1.891,^SP500-15,1.1629369401915914,
ECL,1.136,^SP500-15,1.1629369401915914,
APD,0.828,^SP500-15,1.1629369401915914,
CRH,1.384,^SP500-15,1.1629369401915914,
NEM,0.513,^SP500-15,1.1629369401915914,
LIN,0.945,^SP500-15,1.1629369401915914,
BHP,0.838,^SP500-15,1.1629369401915914,
RIO,0.594,^SP500-15,1.1629369401915914,
SCCO,1.176,^SP500-15,1.1629369401915914,
SHW,1.168,^SP500-15,1.1629369401915914,
FCX,1.891,^SP500-15,1.1629369401915914,
ECL,1.136,^SP500-15,1.1629369401915914,
APD,0.828,^SP500-15,1.1629369401915914,
CRH,1.384,^SP500-15,1.1629369401915914,
NEM,0.513,^SP500-15,1.1629369401915914,
LIN,0.945,^SP500-15,1.1629369401915914,
BHP,0.838,^SP500-15,1.1629369401915914,
RIO,0.594,^SP500-15,1.1629369401915914,
SCCO,1.176,^SP500-15,1.1629369401915914,
SHW,1.168,^SP500-15,1.1629369401915914,
FCX,1.891,^SP500-15,1.1629369401915914,
ECL,1.136,^SP500-15,1.1629369401915914,
APD,0.828,^SP500-15,1.1629369401915914,"Date
2023-10-01         NaN
2023-11-01   -0.042097
2023-12-01    0.012013
2024-01-01   -0.060072
2024-02-01   -0.084744
2024-03-01    0.035165
2024-04-01   -0.017322
2024-05-01    0.128459
2024-06-01   -0.032434
2024-07-01    0.022476
2024-08-01    0.064150
2024-09-01   -0.036364
Name: Monthly Return, dtype: float64"
CRH,1.384,^SP500-15,1.1629369401915914,
NEM,0.513,^SP500-15,1.1629369401915914,
LIN,0.945,^SP500-15,1.1629369401915914,
BHP,0.838,^SP500-15,1.1629369401915914,
RIO,0.594,^SP500-15,1.1629369401915914,
SCCO,1.176,^SP500-15,1.1629369401915914,
SHW,1.168,^SP500-15,1.1629369401915914,
FCX,1.891,^SP500-15,1.1629369401915914,
ECL,1.136,^SP500-15,1.1629369401915914,
APD,0.828,^SP500-15,1.1629369401915914,
CRH,1.384,^SP500-15,1.1629369401915914,
NEM,0.513,^SP500-15,1.1629369401915914,
LIN,0.945,^SP500-15,1.1629369401915914,
BHP,0.838,^SP500-15,1.1629369401915914,
RIO,0.594,^SP500-15,1.1629369401915914,
SCCO,1.176,^SP500-15,1.1629369401915914,
SHW,1.168,^SP500-15,1.1629369401915914,
FCX,1.891,^SP500-15,1.1629369401915914,
ECL,1.136,^SP500-15,1.1629369401915914,
APD,0.828,^SP500-15,1.1629369401915914,
CRH,1.384,^SP500-15,1.1629369401915914,
NEM,0.513,^SP500-15,1.1629369401915914,
LIN,0.945,^SP500-15,1.1629369401915914,
BHP,0.838,^SP500-15,1.1629369401915914,
RIO,0.594,^SP500-15,1.1629369401915914,
SCCO,1.176,^SP500-15,1.1629369401915914,
SHW,1.168,^SP500-15,1.1629369401915914,
FCX,1.891,^SP500-15,1.1629369401915914,
ECL,1.136,^SP500-15,1.1629369401915914,
APD,0.828,^SP500-15,1.1629369401915914,
CRH,1.384,^SP500-15,1.1629369401915914,
NEM,0.513,^SP500-15,1.1629369401915914,
LIN,0.945,^SP500-15,1.1629369401915914,
BHP,0.838,^SP500-15,1.1629369401915914,
RIO,0.594,^SP500-15,1.1629369401915914,
SCCO,1.176,^SP500-15,1.1629369401915914,
SHW,1.168,^SP500-15,1.1629369401915914,
FCX,1.891,^SP500-15,1.1629369401915914,
ECL,1.136,^SP500-15,1.1629369401915914,
APD,0.828,^SP500-15,1.1629369401915914,
CRH,1.384,^SP500-15,1.1629369401915914,
NEM,0.513,^SP500-15,1.1629369401915914,
LIN,0.945,^SP500-15,1.1629369401915914,
BHP,0.838,^SP500-15,1.1629369401915914,
RIO,0.594,^SP500-15,1.1629369401915914,
SCCO,1.176,^SP500-15,1.1629369401915914,
SHW,1.168,^SP500-15,1.1629369401915914,
FCX,1.891,^SP500-15,1.1629369401915914,
ECL,1.136,^SP500-15,1.1629369401915914,
APD,0.828,^SP500-15,1.1629369401915914,
CRH,1.384,^SP500-15,1.1629369401915914,
NEM,0.513,^SP500-15,1.1629369401915914,
LIN,0.945,^SP500-15,1.1629369401915914,
BHP,0.838,^SP500-15,1.1629369401915914,
RIO,0.594,^SP500-15,1.1629369401915914,
SCCO,1.176,^SP500-15,1.1629369401915914,
SHW,1.168,^SP500-15,1.1629369401915914,
FCX,1.891,^SP500-15,1.1629369401915914,
ECL,1.136,^SP500-15,1.1629369401915914,
APD,0.828,^SP500-15,1.1629369401915914,
CRH,1.384,^SP500-15,1.1629369401915914,
NEM,0.513,^SP500-15,1.1629369401915914,
PLD,1.083,^SP500-60,0.478796671029885,
AMT,0.83,^SP500-60,0.478796671029885,
EQIX,0.7,^SP500-60,0.478796671029885,
WELL,1.201,^SP500-60,0.478796671029885,
PSA,0.67,^SP500-60,0.478796671029885,
DLR,0.619,^SP500-60,0.478796671029885,
SPG,1.769,^SP500-60,0.478796671029885,
O,0.992,^SP500-60,0.478796671029885,
CCI,0.861,^SP500-60,0.478796671029885,
EXR,0.871,^SP500-60,0.478796671029885,
PLD,1.083,^SP500-60,0.478796671029885,
AMT,0.83,^SP500-60,0.478796671029885,
EQIX,0.7,^SP500-60,0.478796671029885,
WELL,1.201,^SP500-60,0.478796671029885,
PSA,0.67,^SP500-60,0.478796671029885,
DLR,0.619,^SP500-60,0.478796671029885,
SPG,1.769,^SP500-60,0.478796671029885,
O,0.992,^SP500-60,0.478796671029885,
CCI,0.861,^SP500-60,0.478796671029885,
EXR,0.871,^SP500-60,0.478796671029885,
PLD,1.083,^SP500-60,0.478796671029885,
AMT,0.83,^SP500-60,0.478796671029885,
EQIX,0.7,^SP500-60,0.478796671029885,
WELL,1.201,^SP500-60,0.478796671029885,
PSA,0.67,^SP500-60,0.478796671029885,
DLR,0.619,^SP500-60,0.478796671029885,
SPG,1.769,^SP500-60,0.478796671029885,
O,0.992,^SP500-60,0.478796671029885,
CCI,0.861,^SP500-60,0.478796671029885,
EXR,0.871,^SP500-60,0.478796671029885,
PLD,1.083,^SP500-60,0.478796671029885,
AMT,0.83,^SP500-60,0.478796671029885,
EQIX,0.7,^SP500-60,0.478796671029885,
WELL,1.201,^SP500-60,0.478796671029885,
PSA,0.67,^SP500-60,0.478796671029885,
DLR,0.619,^SP500-60,0.478796671029885,
SPG,1.769,^SP500-60,0.478796671029885,
O,0.992,^SP500-60,0.478796671029885,
CCI,0.861,^SP500-60,0.478796671029885,
EXR,0.871,^SP500-60,0.478796671029885,
PLD,1.083,^SP500-60,0.478796671029885,
AMT,0.83,^SP500-60,0.478796671029885,
EQIX,0.7,^SP500-60,0.478796671029885,
WELL,1.201,^SP500-60,0.478796671029885,
PSA,0.67,^SP500-60,0.478796671029885,
DLR,0.619,^SP500-60,0.478796671029885,
SPG,1.769,^SP500-60,0.478796671029885,
O,0.992,^SP500-60,0.478796671029885,
CCI,0.861,^SP500-60,0.478796671029885,
EXR,0.871,^SP500-60,0.478796671029885,
PLD,1.083,^SP500-60,0.478796671029885,
AMT,0.83,^SP500-60,0.478796671029885,
EQIX,0.7,^SP500-60,0.478796671029885,
WELL,1.201,^SP500-60,0.478796671029885,
PSA,0.67,^SP500-60,0.478796671029885,
DLR,0.619,^SP500-60,0.478796671029885,
SPG,1.769,^SP500-60,0.478796671029885,
O,0.992,^SP500-60,0.478796671029885,
CCI,0.861,^SP500-60,0.478796671029885,
EXR,0.871,^SP500-60,0.478796671029885,
PLD,1.083,^SP500-60,0.478796671029885,
AMT,0.83,^SP500-60,0.478796671029885,
EQIX,0.7,^SP500-60,0.478796671029885,
WELL,1.201,^SP500-60,0.478796671029885,
PSA,0.67,^SP500-60,0.478796671029885,
DLR,0.619,^SP500-60,0.478796671029885,
SPG,1.769,^SP500-60,0.478796671029885,
O,0.992,^SP500-60,0.478796671029885,
CCI,0.861,^SP500-60,0.478796671029885,
EXR,0.871,^SP500-60,0.478796671029885,
PLD,1.083,^SP500-60,0.478796671029885,
AMT,0.83,^SP500-60,0.478796671029885,
EQIX,0.7,^SP500-60,0.478796671029885,
WELL,1.201,^SP500-60,0.478796671029885,
PSA,0.67,^SP500-60,0.478796671029885,
DLR,0.619,^SP500-60,0.478796671029885,
SPG,1.769,^SP500-60,0.478796671029885,
O,0.992,^SP500-60,0.478796671029885,
CCI,0.861,^SP500-60,0.478796671029885,
EXR,0.871,^SP500-60,0.478796671029885,
PLD,1.083,^SP500-60,0.478796671029885,
AMT,0.83,^SP500-60,0.478796671029885,
EQIX,0.7,^SP500-60,0.478796671029885,
WELL,1.201,^SP500-60,0.478796671029885,
PSA,0.67,^SP500-60,0.478796671029885,
DLR,0.619,^SP500-60,0.478796671029885,
SPG,1.769,^SP500-60,0.478796671029885,
O,0.992,^SP500-60,0.478796671029885,
CCI,0.861,^SP500-60,0.478796671029885,
EXR,0.871,^SP500-60,0.478796671029885,
PLD,1.083,^SP500-60,0.478796671029885,
AMT,0.83,^SP500-60,0.478796671029885,
EQIX,0.7,^SP500-60,0.478796671029885,
WELL,1.201,^SP500-60,0.478796671029885,
PSA,0.67,^SP500-60,0.478796671029885,
DLR,0.619,^SP500-60,0.478796671029885,
SPG,1.769,^SP500-60,0.478796671029885,
O,0.992,^SP500-60,0.478796671029885,
CCI,0.861,^SP500-60,0.478796671029885,
EXR,0.871,^SP500-60,0.478796671029885,
MSFT,0.896,^SP500-45,1.3172114470896323,
NVDA,1.673,^SP500-45,1.3172114470896323,
TSM,1.3,^SP500-45,1.3172114470896323,
AVGO,1.183,^SP500-45,1.3172114470896323,
ASML,1.052,^SP500-45,1.3172114470896323,
ORCL,1.0,^SP500-45,1.3172114470896323,
AMD,1.693,^SP500-45,1.3172114470896323,
ADBE,1.296,^SP500-45,1.3172114470896323,
CRM,1.297,^SP500-45,1.3172114470896323,
MSFT,0.896,^SP500-45,1.3172114470896323,
NVDA,1.673,^SP500-45,1.3172114470896323,
TSM,1.3,^SP500-45,1.3172114470896323,
AVGO,1.183,^SP500-45,1.3172114470896323,
ASML,1.052,^SP500-45,1.3172114470896323,
ORCL,1.0,^SP500-45,1.3172114470896323,
AMD,1.693,^SP500-45,1.3172114470896323,
ADBE,1.296,^SP500-45,1.3172114470896323,
CRM,1.297,^SP500-45,1.3172114470896323,
MSFT,0.896,^SP500-45,1.3172114470896323,
NVDA,1.673,^SP500-45,1.3172114470896323,
TSM,1.3,^SP500-45,1.3172114470896323,
AVGO,1.183,^SP500-45,1.3172114470896323,
ASML,1.052,^SP500-45,1.3172114470896323,
ORCL,1.0,^SP500-45,1.3172114470896323,
AMD,1.693,^SP500-45,1.3172114470896323,
ADBE,1.296,^SP500-45,1.3172114470896323,
CRM,1.297,^SP500-45,1.3172114470896323,
MSFT,0.896,^SP500-45,1.3172114470896323,
NVDA,1.673,^SP500-45,1.3172114470896323,
TSM,1.3,^SP500-45,1.3172114470896323,
AVGO,1.183,^SP500-45,1.3172114470896323,
ASML,1.052,^SP500-45,1.3172114470896323,
ORCL,1.0,^SP500-45,1.3172114470896323,
AMD,1.693,^SP500-45,1.3172114470896323,
ADBE,1.296,^SP500-45,1.3172114470896323,
CRM,1.297,^SP500-45,1.3172114470896323,
MSFT,0.896,^SP500-45,1.3172114470896323,
NVDA,1.673,^SP500-45,1.3172114470896323,
TSM,1.3,^SP500-45,1.3172114470896323,
AVGO,1.183,^SP500-45,1.3172114470896323,
ASML,1.052,^SP500-45,1.3172114470896323,
ORCL,1.0,^SP500-45,1.3172114470896323,
AMD,1.693,^SP500-45,1.3172114470896323,
ADBE,1.296,^SP500-45,1.3172114470896323,
CRM,1.297,^SP500-45,1.3172114470896323,
MSFT,0.896,^SP500-45,1.3172114470896323,
NVDA,1.673,^SP500-45,1.3172114470896323,
TSM,1.3,^SP500-45,1.3172114470896323,
AVGO,1.183,^SP500-45,1.3172114470896323,
ASML,1.052,^SP500-45,1.3172114470896323,
ORCL,1.0,^SP500-45,1.3172114470896323,
AMD,1.693,^SP500-45,1.3172114470896323,
ADBE,1.296,^SP500-45,1.3172114470896323,
CRM,1.297,^SP500-45,1.3172114470896323,
MSFT,0.896,^SP500-45,1.3172114470896323,
NVDA,1.673,^SP500-45,1.3172114470896323,
TSM,1.3,^SP500-45,1.3172114470896323,
AVGO,1.183,^SP500-45,1.3172114470896323,
ASML,1.052,^SP500-45,1.3172114470896323,
ORCL,1.0,^SP500-45,1.3172114470896323,
AMD,1.693,^SP500-45,1.3172114470896323,
ADBE,1.296,^SP500-45,1.3172114470896323,
CRM,1.297,^SP500-45,1.3172114470896323,
MSFT,0.896,^SP500-45,1.3172114470896323,
NVDA,1.673,^SP500-45,1.3172114470896323,
TSM,1.3,^SP500-45,1.3172114470896323,
AVGO,1.183,^SP500-45,1.3172114470896323,
ASML,1.052,^SP500-45,1.3172114470896323,
ORCL,1.0,^SP500-45,1.3172114470896323,
AMD,1.693,^SP500-45,1.3172114470896323,
ADBE,1.296,^SP500-45,1.3172114470896323,
CRM,1.297,^SP500-45,1.3172114470896323,
MSFT,0.896,^SP500-45,1.3172114470896323,
NVDA,1.673,^SP500-45,1.3172114470896323,
TSM,1.3,^SP500-45,1.3172114470896323,
AVGO,1.183,^SP500-45,1.3172114470896323,
ASML,1.052,^SP500-45,1.3172114470896323,
ORCL,1.0,^SP500-45,1.3172114470896323,
AMD,1.693,^SP500-45,1.3172114470896323,
ADBE,1.296,^SP500-45,1.3172114470896323,
CRM,1.297,^SP500-45,1.3172114470896323,
MSFT,0.896,^SP500-45,1.3172114470896323,
NVDA,1.673,^SP500-45,1.3172114470896323,
TSM,1.3,^SP500-45,1.3172114470896323,
AVGO,1.183,^SP500-45,1.3172114470896323,
ASML,1.052,^SP500-45,1.3172114470896323,
ORCL,1.0,^SP500-45,1.3172114470896323,
AMD,1.693,^SP500-45,1.3172114470896323,
ADBE,1.296,^SP500-45,1.3172114470896323,
CRM,1.297,^SP500-45,1.3172114470896323,
NEE,0.551,^SP500-55,0.120584027184848,
SO,0.509,^SP500-55,0.120584027184848,
DUK,0.457,^SP500-55,0.120584027184848,
CEG,0.732,^SP500-55,0.120584027184848,
NGG,0.254,^SP500-55,0.120584027184848,
SRE,0.759,^SP500-55,0.120584027184848,
AEP,0.533,^SP500-55,0.120584027184848,
PEG,0.623,^SP500-55,0.120584027184848,
NEE,0.551,^SP500-55,0.120584027184848,
SO,0.509,^SP500-55,0.120584027184848,
DUK,0.457,^SP500-55,0.120584027184848,
CEG,0.732,^SP500-55,0.120584027184848,
NGG,0.254,^SP500-55,0.120584027184848,
SRE,0.759,^SP500-55,0.120584027184848,
AEP,0.533,^SP500-55,0.120584027184848,
PEG,0.623,^SP500-55,0.120584027184848,
NEE,0.551,^SP500-55,0.120584027184848,
SO,0.509,^SP500-55,0.120584027184848,
DUK,0.457,^SP500-55,0.120584027184848,
CEG,0.732,^SP500-55,0.120584027184848,
NGG,0.254,^SP500-55,0.120584027184848,
SRE,0.759,^SP500-55,0.120584027184848,
AEP,0.533,^SP500-55,0.120584027184848,
PEG,0.623,^SP500-55,0.120584027184848,
NEE,0.551,^SP500-55,0.120584027184848,
SO,0.509,^SP500-55,0.120584027184848,
DUK,0.457,^SP500-55,0.120584027184848,
CEG,0.732,^SP500-55,0.120584027184848,
NGG,0.254,^SP500-55,0.120584027184848,
SRE,0.759,^SP500-55,0.120584027184848,
AEP,0.533,^SP500-55,0.120584027184848,
PEG,0.623,^SP500-55,0.120584027184848,
NEE,0.551,^SP500-55,0.120584027184848,
SO,0.509,^SP500-55,0.120584027184848,
DUK,0.457,^SP500-55,0.120584027184848,
CEG,0.732,^SP500-55,0.120584027184848,
NGG,0.254,^SP500-55,0.120584027184848,
SRE,0.759,^SP500-55,0.120584027184848,
AEP,0.533,^SP500-55,0.120584027184848,
PEG,0.623,^SP500-55,0.120584027184848,
NEE,0.551,^SP500-55,0.120584027184848,
SO,0.509,^SP500-55,0.120584027184848,
DUK,0.457,^SP500-55,0.120584027184848,
CEG,0.732,^SP500-55,0.120584027184848,
NGG,0.254,^SP500-55,0.120584027184848,
SRE,0.759,^SP500-55,0.120584027184848,
AEP,0.533,^SP500-55,0.120584027184848,
PEG,0.623,^SP500-55,0.120584027184848,
NEE,0.551,^SP500-55,0.120584027184848,
SO,0.509,^SP500-55,0.120584027184848,
DUK,0.457,^SP500-55,0.120584027184848,
CEG,0.732,^SP500-55,0.120584027184848,
NGG,0.254,^SP500-55,0.120584027184848,
SRE,0.759,^SP500-55,0.120584027184848,
AEP,0.533,^SP500-55,0.120584027184848,
PEG,0.623,^SP500-55,0.120584027184848,
NEE,0.551,^SP500-55,0.120584027184848,
SO,0.509,^SP500-55,0.120584027184848,
DUK,0.457,^SP500-55,0.120584027184848,
CEG,0.732,^SP500-55,0.120584027184848,
NGG,0.254,^SP500-55,0.120584027184848,
SRE,0.759,^SP500-55,0.120584027184848,
AEP,0.533,^SP500-55,0.120584027184848,
PEG,0.623,^SP500-55,0.120584027184848,
NEE,0.551,^SP500-55,0.120584027184848,
SO,0.509,^SP500-55,0.120584027184848,
DUK,0.457,^SP500-55,0.120584027184848,
CEG,0.732,^SP500-55,0.120584027184848,
NGG,0.254,^SP500-55,0.120584027184848,
SRE,0.759,^SP500-55,0.120584027184848,
AEP,0.533,^SP500-55,0.120584027184848,
PEG,0.623,^SP500-55,0.120584027184848,
NEE,0.551,^SP500-55,0.120584027184848,
SO,0.509,^SP500-55,0.120584027184848,
DUK,0.457,^SP500-55,0.120584027184848,
CEG,0.732,^SP500-55,0.120584027184848,
NGG,0.254,^SP500-55,0.120584027184848,
SRE,0.759,^SP500-55,0.120584027184848,
AEP,0.533,^SP500-55,0.120584027184848,
PEG,0.623,^SP500-55,0.120584027184848,
