date,IPI,CPI,M1,M2,Housing Price Index,Federal Funds Rate
1919-01-01,4.8665,,,,,
1919-02-01,4.6514,,,,,
1919-03-01,4.517,,,,,
1919-04-01,4.5976,,,,,
1919-05-01,4.6245,,,,,
1919-06-01,4.9203,,,,,
1919-07-01,5.216,,,,,
1919-08-01,5.2967,,,,,
1919-09-01,5.1891,,,,,
1919-10-01,5.1354,,,,,
1919-11-01,5.0547,,,,,
1919-12-01,5.1354,,,,,
1920-01-01,5.6193,,,,,
1920-02-01,5.6193,,,,,
1920-03-01,5.5118,,,,,
1920-04-01,5.216,,,,,
1920-05-01,5.3505,,,,,
1920-06-01,5.4042,,,,,
1920-07-01,5.2698,,,,,
1920-08-01,5.2967,,,,,
1920-09-01,5.1085,,,,,
1920-10-01,4.8934,,,,,
1920-11-01,4.4901,,,,,
1920-12-01,4.2212,,,,,
1921-01-01,3.9792,,,,,
1921-02-01,3.8986,,,,,
1921-03-01,3.791,,,,,
1921-04-01,3.791,,,,,
1921-05-01,3.8986,,,,,
1921-06-01,3.8717,,,,,
1921-07-01,3.8448,,,,,
1921-08-01,3.9792,,,,,
1921-09-01,4.0061,,,,,
1921-10-01,4.2481,,,,,
1921-11-01,4.1943,,,,,
1921-12-01,4.1674,,,,,
1922-01-01,4.3288,,,,,
1922-02-01,4.517,,,,,
1922-03-01,4.7589,,,,,
1922-04-01,4.5976,,,,,
1922-05-01,4.8396,,,,,
1922-06-01,5.0816,,,,,
1922-07-01,5.0816,,,,,
1922-08-01,4.974,,,,,
1922-09-01,5.2429,,,,,
1922-10-01,5.5387,,,,,
1922-11-01,5.7806,,,,,
1922-12-01,5.942,,,,,
1923-01-01,5.8075,,,,,
1923-02-01,5.8882,,,,,
1923-03-01,6.0764,,,,,
1923-04-01,6.2108,,,,,
1923-05-01,6.2915,,,,,
1923-06-01,6.2377,,,,,
1923-07-01,6.1839,,,,,
1923-08-01,6.0764,,,,,
1923-09-01,5.942,,,,,
1923-10-01,5.9151,,,,,
1923-11-01,5.9151,,,,,
1923-12-01,5.7806,,,,,
1924-01-01,5.9151,,,,,
1924-02-01,6.0226,,,,,
1924-03-01,5.9151,,,,,
1924-04-01,5.7269,,,,,
1924-05-01,5.4849,,,,,
1924-06-01,5.2429,,,,,
1924-07-01,5.1622,,,,,
1924-08-01,5.3505,,,,,
1924-09-01,5.5387,,,,,
1924-10-01,5.6731,,,,,
1924-11-01,5.7806,,,,,
1924-12-01,5.942,,,,,
1925-01-01,6.1302,,,,,
1925-02-01,6.1302,,,,,
1925-03-01,6.1302,,,,,
1925-04-01,6.1839,,,,,
1925-05-01,6.1571,,,,,
1925-06-01,6.1033,,,,,
1925-07-01,6.2646,,,,,
1925-08-01,6.1571,,,,,
1925-09-01,6.0764,,,,,
1925-10-01,6.3184,,,,,
1925-11-01,6.4528,,,,,
1925-12-01,6.5335,,,,,
1926-01-01,6.4259,,,,,
1926-02-01,6.4259,,,,,
1926-03-01,6.5066,,,,,
1926-04-01,6.5066,,,,,
1926-05-01,6.4528,,,,,
1926-06-01,6.5335,,,,,
1926-07-01,6.5604,,,,,
1926-08-01,6.641,,,,,
1926-09-01,6.7486,,,,,
1926-10-01,6.7486,,,,,
1926-11-01,6.7217,,,,,
1926-12-01,6.6948,,,,,
1927-01-01,6.6679,,,,,
1927-02-01,6.7217,,,,,
1927-03-01,6.8023,,,,,
1927-04-01,6.641,,,,,
1927-05-01,6.6948,,,,,
1927-06-01,6.6679,,,,,
1927-07-01,6.5872,,,,,
1927-08-01,6.5872,,,,,
1927-09-01,6.4797,,,,,
1927-10-01,6.3453,,,,,
1927-11-01,6.3453,,,,,
1927-12-01,6.3722,,,,,
1928-01-01,6.5066,,,,,
1928-02-01,6.5604,,,,,
1928-03-01,6.6141,,,,,
1928-04-01,6.5872,,,,,
1928-05-01,6.6679,,,,,
1928-06-01,6.7217,,,,,
1928-07-01,6.8023,,,,,
1928-08-01,6.9368,,,,,
1928-09-01,6.9905,,,,,
1928-10-01,7.125,,,,,
1928-11-01,7.2594,,,,,
1928-12-01,7.3938,,,,,
1929-01-01,7.5014,,,,,
1929-02-01,7.4745,,,,,
1929-03-01,7.5014,,,,,
1929-04-01,7.6358,,,,,
1929-05-01,7.7703,,,,,
1929-06-01,7.824,,,,,
1929-07-01,7.9316,,,,,
1929-08-01,7.8509,,,,,
1929-09-01,7.7972,,,,,
1929-10-01,7.6627,,,,,
1929-11-01,7.2863,,,,,
1929-12-01,6.9637,,,,,
1930-01-01,6.9637,,,,,
1930-02-01,6.9368,,,,,
1930-03-01,6.8292,,,,,
1930-04-01,6.7755,,,,,
1930-05-01,6.6679,,,,,
1930-06-01,6.4797,,,,,
1930-07-01,6.1839,,,,,
1930-08-01,6.0495,,,,,
1930-09-01,5.942,,,,,
1930-10-01,5.7806,,,,,
1930-11-01,5.6462,,,,,
1930-12-01,5.5118,,,,,
1931-01-01,5.4849,,,,,
1931-02-01,5.5118,,,,,
1931-03-01,5.6193,,,,,
1931-04-01,5.6462,,,,,
1931-05-01,5.5656,,,,,
1931-06-01,5.4311,,,,,
1931-07-01,5.3505,,,,,
1931-08-01,5.1622,,,,,
1931-09-01,4.9203,,,,,
1931-10-01,4.7321,,,,,
1931-11-01,4.6783,,,,,
1931-12-01,4.6514,,,,,
1932-01-01,4.517,,,,,
1932-02-01,4.4094,,,,,
1932-03-01,4.3556,,,,,
1932-04-01,4.0599,,,,,
1932-05-01,3.9255,,,,,
1932-06-01,3.791,,,,,
1932-07-01,3.6835,,,,,
1932-08-01,3.791,,,,,
1932-09-01,4.033,,,,,
1932-10-01,4.1674,,,,,
1932-11-01,4.1674,,,,,
1932-12-01,4.0868,,,,,
1933-01-01,4.0061,,,,,
1933-02-01,4.033,,,,,
1933-03-01,3.791,,,,,
1933-04-01,4.0599,,,,,
1933-05-01,4.7321,,,,,
1933-06-01,5.458,,,,,
1933-07-01,5.9688,,,,,
1933-08-01,5.7269,,,,,
1933-09-01,5.4042,,,,,
1933-10-01,5.1354,,,,,
1933-11-01,4.8396,,,,,
1933-12-01,4.8665,,,,,
1934-01-01,5.0278,,,,,
1934-02-01,5.2698,,,,,
1934-03-01,5.5118,,,,,
1934-04-01,5.5118,,,,,
1934-05-01,5.6193,,,,,
1934-06-01,5.5118,,,,,
1934-07-01,5.1354,,,,,
1934-08-01,5.0816,,,,,
1934-09-01,4.7858,,,,,
1934-10-01,5.0009,,,,,
1934-11-01,5.0547,,,,,
1934-12-01,5.3773,,,,,
1935-01-01,5.8075,,,,,
1935-02-01,5.9151,,,,,
1935-03-01,5.8882,,,,,
1935-04-01,5.7806,,,,,
1935-05-01,5.7806,,,,,
1935-06-01,5.8613,,,,,
1935-07-01,5.8613,,,,,
1935-08-01,6.0764,,,,,
1935-09-01,6.2377,,,,,
1935-10-01,6.4259,,,,,
1935-11-01,6.5604,,,,,
1935-12-01,6.641,,,,,
1936-01-01,6.5335,,,,,
1936-02-01,6.3722,,,,,
1936-03-01,6.4528,,,,,
1936-04-01,6.8561,,,,,
1936-05-01,6.9905,,,,,
1936-06-01,7.125,,,,,
1936-07-01,7.2594,,,,,
1936-08-01,7.367,,,,,
1936-09-01,7.5014,,,,,
1936-10-01,7.6089,,,,,
1936-11-01,7.824,,,,,
1936-12-01,8.066,,,,,
1937-01-01,8.0391,,,,,
1937-02-01,8.1467,,,,,
1937-03-01,8.3349,,,,,
1937-04-01,8.3349,,,,,
1937-05-01,8.3618,,,,,
1937-06-01,8.2542,,,,,
1937-07-01,8.308,,,,,
1937-08-01,8.2542,,,,,
1937-09-01,7.9854,,,,,
1937-10-01,7.3938,,,,,
1937-11-01,6.6679,,,,,
1937-12-01,6.0764,,,,,
1938-01-01,5.942,,,,,
1938-02-01,5.8882,,,,,
1938-03-01,5.8882,,,,,
1938-04-01,5.7806,,,,,
1938-05-01,5.6462,,,,,
1938-06-01,5.7,,,,,
1938-07-01,6.0226,,,,,
1938-08-01,6.3453,,,,,
1938-09-01,6.5335,,,,,
1938-10-01,6.6948,,,,,
1938-11-01,6.9637,,,,,
1938-12-01,7.0443,,,,,
1939-01-01,7.0443,,,,,
1939-02-01,7.0981,,,,,
1939-03-01,7.125,,,,,
1939-04-01,7.0981,,,,,
1939-05-01,7.0712,,,,,
1939-06-01,7.2325,,,,,
1939-07-01,7.4476,,,,,
1939-08-01,7.5552,,,,,
1939-09-01,8.0122,,,,,
1939-10-01,8.4155,,,,,
1939-11-01,8.6306,,,,,
1939-12-01,8.6306,,,,,
1940-01-01,8.5231,,,,,
1940-02-01,8.2542,,,,,
1940-03-01,8.066,,,,,
1940-04-01,8.2273,,,,,
1940-05-01,8.4693,,,,,
1940-06-01,8.7382,,,,,
1940-07-01,8.8457,,,,,
1940-08-01,8.8995,,,,,
1940-09-01,9.0877,,,,,
1940-10-01,9.2221,,,,,
1940-11-01,9.4372,,,,,
1940-12-01,9.7599,,,,,
1941-01-01,10.0019,,,,,
1941-02-01,10.2976,,,,,
1941-03-01,10.6203,,,,,
1941-04-01,10.6471,,,,,
1941-05-01,11.1311,,,,,
1941-06-01,11.2118,,,,,
1941-07-01,11.3462,,,,,
1941-08-01,11.4806,,,,,
1941-09-01,11.4806,,,,,
1941-10-01,11.5882,,,,,
1941-11-01,11.642,,,,,
1941-12-01,11.8302,,,,,
1942-01-01,12.0721,,,,,
1942-02-01,12.2872,,,,,
1942-03-01,12.4217,,,,,
1942-04-01,12.0721,,,,,
1942-05-01,12.099,,,,,
1942-06-01,12.1259,,,,,
1942-07-01,12.4217,,,,,
1942-08-01,12.7981,,,,,
1942-09-01,13.0938,,,,,
1942-10-01,13.524,,,,,
1942-11-01,13.8467,,,,,
1942-12-01,14.1693,,,,,
1943-01-01,14.3037,,,,,
1943-02-01,14.6801,,,,,
1943-03-01,14.7877,,,,,
1943-04-01,14.9759,,,,,
1943-05-01,15.0834,,,,,
1943-06-01,15.0028,,,,,
1943-07-01,15.4599,,,,,
1943-08-01,15.7825,,,,,
1943-09-01,16.1858,,,,,
1943-10-01,16.4278,,,,,
1943-11-01,16.6429,,,,,
1943-12-01,16.4278,,,,,
1944-01-01,16.616,,,,,
1944-02-01,16.7504,,,,,
1944-03-01,16.7235,,,,,
1944-04-01,16.7235,,,,,
1944-05-01,16.616,,,,,
1944-06-01,16.5622,,,,,
1944-07-01,16.5353,,,,,
1944-08-01,16.7504,,,,,
1944-09-01,16.6429,,,,,
1944-10-01,16.6967,,,,,
1944-11-01,16.5622,,,,,
1944-12-01,16.5084,,,,,
1945-01-01,16.3471,,,,,
1945-02-01,16.2934,,,,,
1945-03-01,16.1858,,,,,
1945-04-01,15.8901,,,,,
1945-05-01,15.4599,,,,,
1945-06-01,15.1103,,,,,
1945-07-01,14.7608,,,,,
1945-08-01,13.2283,,,,,
1945-09-01,12.0453,,,,,
1945-10-01,11.5613,,,,,
1945-11-01,11.9915,,,,,
1945-12-01,12.0453,,,,,
1946-01-01,11.3731,,,,,
1946-02-01,10.8085,,,,,
1946-03-01,11.9377,,,,,
1946-04-01,11.7226,,,,,
1946-05-01,11.2924,,,,,
1946-06-01,11.9915,,,,,
1946-07-01,12.3948,,,,,
1946-08-01,12.8519,,,,,
1946-09-01,13.0938,,,,,
1946-10-01,13.3358,,,,,
1946-11-01,13.4165,,,,,
1946-12-01,13.4971,,,,,
1947-01-01,13.6585,21.48,,,,
1947-02-01,13.7391,21.62,,,,
1947-03-01,13.8198,22.0,,,,
1947-04-01,13.7122,22.0,,,,
1947-05-01,13.766,21.95,,,,
1947-06-01,13.766,22.08,,,,
1947-07-01,13.6853,22.23,,,,
1947-08-01,13.766,22.4,,,,
1947-09-01,13.8736,22.84,,,,
1947-10-01,14.008,22.91,,,,
1947-11-01,14.1962,23.06,,,,
1947-12-01,14.25,23.41,,,,
1948-01-01,14.3306,23.68,,,,
1948-02-01,14.3575,23.67,,,,
1948-03-01,14.1962,23.5,,,,
1948-04-01,14.2231,23.82,,,,
1948-05-01,14.4651,24.01,,,,
1948-06-01,14.6533,24.15,,,,
1948-07-01,14.6533,24.4,,,,
1948-08-01,14.5995,24.43,,,,
1948-09-01,14.4919,24.36,,,,
1948-10-01,14.5995,24.31,,,,
1948-11-01,14.4113,24.16,,,,
1948-12-01,14.2768,24.05,,,,
1949-01-01,14.1424,24.01,,,,
1949-02-01,14.008,23.91,,,,
1949-03-01,13.7391,23.91,,,,
1949-04-01,13.6585,23.92,,,,
1949-05-01,13.4702,23.91,,,,
1949-06-01,13.4434,23.92,,,,
1949-07-01,13.4165,23.7,,,,
1949-08-01,13.5509,23.7,,,,
1949-09-01,13.6854,23.75,,,,
1949-10-01,13.1745,23.67,,,,
1949-11-01,13.524,23.7,,,,
1949-12-01,13.766,23.61,,,,
1950-01-01,14.008,23.51,,,,
1950-02-01,14.0618,23.61,,,,
1950-03-01,14.5188,23.64,,,,
1950-04-01,15.0028,23.65,,,,
1950-05-01,15.3523,23.77,,,,
1950-06-01,15.8094,23.88,,,,
1950-07-01,16.3202,24.07,,,,
1950-08-01,16.8311,24.2,,,,
1950-09-01,16.7235,24.34,,,,
1950-10-01,16.8311,24.5,,,,
1950-11-01,16.8042,24.6,,,,
1950-12-01,17.1,24.98,,,,
1951-01-01,17.1537,25.38,,,,
1951-02-01,17.2613,25.83,,,,
1951-03-01,17.3419,25.88,,,,
1951-04-01,17.3688,25.92,,,,
1951-05-01,17.3151,25.99,,,,
1951-06-01,17.2344,25.93,,,,
1951-07-01,16.9655,25.91,,,,
1951-08-01,16.8042,25.86,,,,
1951-09-01,16.9118,26.03,,,,
1951-10-01,16.8849,26.16,,,,
1951-11-01,17.0193,26.32,,,,
1951-12-01,17.1268,26.47,,,,
1952-01-01,17.315,26.45,,,,
1952-02-01,17.4226,26.41,,,,
1952-03-01,17.4764,26.39,,,,
1952-04-01,17.315,26.46,,,,
1952-05-01,17.1537,26.47,,,,
1952-06-01,16.9924,26.53,,,,
1952-07-01,16.7235,26.68,,,,
1952-08-01,17.799,26.69,,,,
1952-09-01,18.4443,26.63,,,,
1952-10-01,18.6325,26.69,,,,
1952-11-01,19.0089,26.69,,,,
1952-12-01,19.1164,26.71,,,,
1953-01-01,19.1702,26.64,,,,
1953-02-01,19.2778,26.59,,,,
1953-03-01,19.4391,26.63,,,,
1953-04-01,19.5198,26.69,,,,
1953-05-01,19.6273,26.7,,,,
1953-06-01,19.5466,26.77,,,,
1953-07-01,19.7886,26.79,,,,
1953-08-01,19.6811,26.85,,,,
1953-09-01,19.2778,26.89,,,,
1953-10-01,19.1165,26.95,,,,
1953-11-01,18.6594,26.85,,,,
1953-12-01,18.2023,26.87,,,,
1954-01-01,18.0679,26.94,,,,
1954-02-01,18.1217,26.99,,,,
1954-03-01,18.0141,26.93,,,,
1954-04-01,17.9066,26.86,,,,
1954-05-01,18.0141,26.93,,,,
1954-06-01,18.0679,26.94,,,,
1954-07-01,18.0948,26.86,,,,0.8
1954-08-01,18.0679,26.85,,,,1.22
1954-09-01,18.0948,26.81,,,,1.07
1954-10-01,18.3099,26.72,,,,0.85
1954-11-01,18.6056,26.78,,,,0.83
1954-12-01,18.8476,26.77,,,,1.28
1955-01-01,19.2778,26.77,,,,1.39
1955-02-01,19.5198,26.82,,,,1.29
1955-03-01,19.9768,26.79,,,,1.35
1955-04-01,20.2188,26.79,,,,1.43
1955-05-01,20.5414,26.77,,,,1.43
1955-06-01,20.5684,26.71,,,,1.64
1955-07-01,20.7297,26.76,,,,1.68
1955-08-01,20.7028,26.72,,,,1.96
1955-09-01,20.8372,26.85,,,,2.18
1955-10-01,21.1867,26.82,,,,2.24
1955-11-01,21.2405,26.88,,,,2.35
1955-12-01,21.3212,26.87,,,,2.48
1956-01-01,21.4556,26.83,,,,2.45
1956-02-01,21.2674,26.86,,,,2.5
1956-03-01,21.2674,26.89,,,,2.5
1956-04-01,21.4287,26.93,,,,2.62
1956-05-01,21.2405,27.03,,,,2.75
1956-06-01,21.0523,27.15,,,,2.71
1956-07-01,20.407,27.29,,,,2.75
1956-08-01,21.2405,27.31,,,,2.73
1956-09-01,21.7245,27.35,,,,2.95
1956-10-01,21.9127,27.51,,,,2.96
1956-11-01,21.7245,27.51,,,,2.88
1956-12-01,22.0471,27.63,,,,2.94
1957-01-01,21.9665,27.67,,,,2.84
1957-02-01,22.1816,27.8,,,,3.0
1957-03-01,22.1547,27.86,,,,2.96
1957-04-01,21.8589,27.93,,,,3.0
1957-05-01,21.7782,28.0,,,,3.0
1957-06-01,21.832,28.11,,,,3.0
1957-07-01,21.9665,28.19,,,,2.99
1957-08-01,21.9665,28.28,,,,3.24
1957-09-01,21.7783,28.32,,,,3.47
1957-10-01,21.4556,28.32,,,,3.5
1957-11-01,20.9448,28.41,,,,3.28
1957-12-01,20.5414,28.47,,,,2.98
1958-01-01,20.165,28.64,,,,2.72
1958-02-01,19.7349,28.7,,,,1.67
1958-03-01,19.4929,28.87,,,,1.2
1958-04-01,19.1702,28.94,,,,1.26
1958-05-01,19.3584,28.94,,,,0.63
1958-06-01,19.8693,28.91,,,,0.93
1958-07-01,20.165,28.89,,,,0.68
1958-08-01,20.5683,28.94,,,,1.53
1958-09-01,20.7566,28.91,,,,1.76
1958-10-01,20.9985,28.91,,,,1.8
1958-11-01,21.6169,28.95,,,,2.27
1958-12-01,21.6438,28.97,,,,2.42
1959-01-01,21.9665,29.01,138.9,286.6,,2.48
1959-02-01,22.3966,29.0,139.4,287.7,,2.43
1959-03-01,22.7193,28.97,139.7,289.2,,2.8
1959-04-01,23.2032,28.98,139.7,290.1,,2.96
1959-05-01,23.5528,29.04,140.7,292.2,,2.9
1959-06-01,23.5797,29.11,141.2,294.1,,3.39
1959-07-01,23.015,29.15,141.7,295.2,,3.47
1959-08-01,22.2353,29.18,141.9,296.4,,3.5
1959-09-01,22.2084,29.25,141.0,296.7,,3.76
1959-10-01,22.0471,29.35,140.5,296.5,,3.98
1959-11-01,22.1816,29.35,140.4,297.1,,4.0
1959-12-01,23.5528,29.41,139.9,297.8,,3.99
1960-01-01,24.1712,29.37,140.0,298.2,,3.99
1960-02-01,23.9561,29.41,139.9,298.4,,3.97
1960-03-01,23.741,29.41,139.8,299.3,,3.84
1960-04-01,23.5528,29.54,139.6,300.1,,3.92
1960-05-01,23.5259,29.57,139.6,300.9,,3.85
1960-06-01,23.2301,29.61,139.6,302.3,,3.32
1960-07-01,23.1495,29.55,140.2,304.1,,3.23
1960-08-01,23.1226,29.61,141.3,306.9,,2.98
1960-09-01,22.8806,29.61,141.2,308.4,,2.6
1960-10-01,22.8537,29.75,140.9,309.5,,2.47
1960-11-01,22.5311,29.78,140.9,310.9,,2.44
1960-12-01,22.1009,29.81,140.7,312.4,,1.98
1961-01-01,22.1278,29.84,141.1,314.1,,1.45
1961-02-01,22.1009,29.84,141.6,316.5,,2.54
1961-03-01,22.2353,29.84,141.9,318.3,,2.02
1961-04-01,22.6924,29.81,142.1,319.9,,1.49
1961-05-01,23.0419,29.84,142.7,322.2,,1.98
1961-06-01,23.3646,29.84,142.9,324.3,,1.73
1961-07-01,23.6334,29.92,142.9,325.6,,1.17
1961-08-01,23.8485,29.94,143.5,327.6,,2.0
1961-09-01,23.8217,29.98,143.8,329.5,,1.88
1961-10-01,24.2787,29.98,144.1,331.1,,2.26
1961-11-01,24.6551,29.98,144.8,333.4,,2.61
1961-12-01,24.8702,30.01,145.2,335.5,,2.33
1962-01-01,24.6551,30.04,145.2,337.5,,2.15
1962-02-01,25.0584,30.11,145.7,340.1,,2.37
1962-03-01,25.1929,30.17,146.0,343.1,,2.85
1962-04-01,25.2466,30.21,146.4,345.5,,2.78
1962-05-01,25.2197,30.24,146.8,347.5,,2.36
1962-06-01,25.166,30.21,146.6,349.3,,2.68
1962-07-01,25.4079,30.22,146.5,350.8,,2.71
1962-08-01,25.4348,30.28,146.6,352.8,,2.93
1962-09-01,25.5962,30.42,146.3,354.9,,2.9
1962-10-01,25.6231,30.38,146.7,357.2,,2.9
1962-11-01,25.7306,30.38,147.3,359.8,,2.94
1962-12-01,25.7306,30.38,147.8,362.7,,2.93
1963-01-01,25.9188,30.44,148.3,365.2,,2.92
1963-02-01,26.2146,30.48,148.9,367.9,,3.0
1963-03-01,26.3759,30.51,149.2,370.7,,2.98
1963-04-01,26.6179,30.48,149.7,373.3,,2.9
1963-05-01,26.9405,30.51,150.4,376.1,,3.0
1963-06-01,27.0212,30.61,150.4,378.4,,2.99
1963-07-01,26.9136,30.69,151.3,381.1,,3.02
1963-08-01,26.9674,30.75,151.8,383.6,,3.49
1963-09-01,27.2362,30.72,152.0,386.0,,3.48
1963-10-01,27.4245,30.75,152.6,388.3,,3.5
1963-11-01,27.5589,30.78,153.6,391.5,,3.48
1963-12-01,27.5051,30.88,153.3,393.2,,3.38
1964-01-01,27.7471,30.94,153.7,395.2,,3.48
1964-02-01,27.9353,30.91,154.3,397.6,,3.48
1964-03-01,27.9353,30.94,154.5,399.8,,3.43
1964-04-01,28.3924,30.95,154.8,401.7,,3.47
1964-05-01,28.5537,30.98,155.3,404.2,,3.5
1964-06-01,28.6344,31.01,155.6,407.1,,3.5
1964-07-01,28.8226,31.02,156.8,410.1,,3.42
1964-08-01,29.0108,31.05,157.8,413.4,,3.5
1964-09-01,29.1183,31.08,158.7,416.9,,3.45
1964-10-01,28.715,31.12,159.2,419.1,,3.36
1964-11-01,29.6023,31.21,160.0,422.0,,3.52
1964-12-01,29.9518,31.25,160.3,424.7,,3.85
1965-01-01,30.2744,31.28,160.7,427.5,,3.9
1965-02-01,30.4627,31.28,160.9,430.4,,3.98
1965-03-01,30.866,31.31,161.5,433.2,,4.05
1965-04-01,31.0004,31.38,162.0,435.4,,4.09
1965-05-01,31.2424,31.48,161.7,437.1,,4.1
1965-06-01,31.4844,31.61,162.2,440.1,,4.05
1965-07-01,31.7801,31.58,163.0,442.9,,4.09
1965-08-01,31.9145,31.55,163.7,445.8,,4.12
1965-09-01,31.9952,31.62,164.8,449.5,,4.02
1965-10-01,32.3179,31.65,166.0,452.6,,4.08
1965-11-01,32.4523,31.75,166.7,455.7,,4.1
1965-12-01,32.8556,31.85,167.8,459.2,,4.32
1966-01-01,33.1782,31.88,169.1,462.0,,4.42
1966-02-01,33.3933,32.08,169.6,464.6,,4.6
1966-03-01,33.8504,32.18,170.5,467.2,,4.66
1966-04-01,33.9042,32.28,171.8,469.3,,4.67
1966-05-01,34.2268,32.35,171.3,470.1,,4.9
1966-06-01,34.3881,32.38,171.6,471.2,,5.17
1966-07-01,34.5763,32.45,170.3,470.9,,5.3
1966-08-01,34.6032,32.65,170.8,472.6,,5.53
1966-09-01,34.9259,32.75,172.0,475.4,,5.4
1966-10-01,35.1678,32.85,171.2,475.7,,5.53
1966-11-01,34.9258,32.88,171.4,477.3,,5.76
1966-12-01,35.0065,32.92,172.0,480.2,,5.4
1967-01-01,35.1716,32.9,171.9,481.6,,4.94
1967-02-01,34.7727,33.0,173.0,485.1,,5.0
1967-03-01,34.5767,33.0,174.8,489.7,,4.53
1967-04-01,34.9028,33.1,174.2,492.1,,4.05
1967-05-01,34.5983,33.1,175.7,497.2,,3.94
1967-06-01,34.594,33.3,177.0,502.0,,3.98
1967-07-01,34.5152,33.4,178.1,506.3,,3.79
1967-08-01,35.1765,33.5,179.7,510.8,,3.9
1967-09-01,35.1194,33.6,180.7,514.7,,3.99
1967-10-01,35.4054,33.7,181.6,518.2,,3.88
1967-11-01,35.9118,33.9,182.4,521.2,,4.13
1967-12-01,36.2985,34.0,183.3,524.8,,4.51
1968-01-01,36.2595,34.1,184.3,527.4,,4.61
1968-02-01,36.3894,34.2,184.7,530.4,,4.71
1968-03-01,36.503,34.3,185.5,533.2,,5.05
1968-04-01,36.5558,34.4,186.6,535.7,,5.76
1968-05-01,36.9659,34.5,188.0,538.9,,6.12
1968-06-01,37.1017,34.7,189.4,542.6,,6.07
1968-07-01,37.0448,34.9,190.5,545.6,,6.03
1968-08-01,37.1482,35.0,191.8,549.4,,6.03
1968-09-01,37.2889,35.1,192.7,553.6,,5.78
1968-10-01,37.3629,35.3,194.0,557.6,,5.91
1968-11-01,37.8462,35.4,196.0,562.4,,5.82
1968-12-01,37.9657,35.6,197.4,566.8,,6.02
1969-01-01,38.1954,35.7,198.7,569.3,,6.3
1969-02-01,38.4398,35.8,199.3,571.9,,6.61
1969-03-01,38.7412,36.1,200.0,574.4,,6.79
1969-04-01,38.5987,36.3,200.7,575.7,,7.41
1969-05-01,38.4528,36.4,200.8,576.5,,8.67
1969-06-01,38.8285,36.6,201.3,578.5,,8.9
1969-07-01,39.0334,36.8,201.7,579.5,,8.61
1969-08-01,39.1231,36.9,201.7,580.1,,9.19
1969-09-01,39.1143,37.1,202.1,582.1,,9.15
1969-10-01,39.1258,37.3,202.9,583.4,,9.0
1969-11-01,38.757,37.5,203.6,585.4,,8.85
1969-12-01,38.653,37.7,203.9,587.9,,8.97
1970-01-01,37.9372,37.9,206.2,589.6,,8.98
1970-02-01,37.9122,38.1,205.0,586.3,,8.98
1970-03-01,37.863,38.3,205.7,587.3,,7.76
1970-04-01,37.7656,38.5,206.7,588.4,,8.1
1970-05-01,37.7216,38.6,207.2,591.5,,7.95
1970-06-01,37.5996,38.8,207.6,595.2,,7.61
1970-07-01,37.6919,38.9,208.0,599.1,,7.21
1970-08-01,37.6247,39.0,209.9,604.9,,6.62
1970-09-01,37.3654,39.2,211.8,611.2,,6.29
1970-10-01,36.6179,39.4,212.9,616.4,,6.2
1970-11-01,36.3961,39.6,213.7,621.1,,5.6
1970-12-01,37.232,39.8,214.4,626.5,,4.9
1971-01-01,37.5184,39.9,215.5,632.9,,4.14
1971-02-01,37.4469,39.9,217.4,641.0,,3.72
1971-03-01,37.4063,40.0,218.8,649.9,,3.71
1971-04-01,37.6164,40.1,220.0,658.4,,4.16
1971-05-01,37.8073,40.3,222.0,666.7,,4.63
1971-06-01,37.9658,40.5,223.5,673.0,,4.91
1971-07-01,37.8556,40.6,224.9,679.6,,5.31
1971-08-01,37.6359,40.7,225.6,685.5,,5.57
1971-09-01,38.2476,40.8,226.5,692.5,,5.55
1971-10-01,38.5339,40.9,227.2,698.4,,5.2
1971-11-01,38.6974,41.0,227.8,704.6,,4.91
1971-12-01,39.1441,41.1,228.3,710.3,,4.14
1972-01-01,40.0823,41.2,230.1,717.7,,3.51
1972-02-01,40.485,41.4,232.3,725.7,,3.3
1972-03-01,40.7718,41.4,234.3,733.5,,3.83
1972-04-01,41.1759,41.5,235.6,738.4,,4.17
1972-05-01,41.1792,41.6,235.9,743.3,,4.27
1972-06-01,41.2864,41.7,236.6,749.7,,4.46
1972-07-01,41.2475,41.8,238.8,759.5,,4.55
1972-08-01,41.8173,41.9,240.9,768.7,,4.81
1972-09-01,42.1375,42.1,243.2,778.3,,4.87
1972-10-01,42.6806,42.2,245.0,786.9,,5.05
1972-11-01,43.1838,42.4,246.4,793.9,,5.06
1972-12-01,43.669,42.5,249.2,802.3,,5.33
1973-01-01,43.9874,42.7,251.5,810.3,,5.94
1973-02-01,44.6275,43.0,252.2,814.1,,6.58
1973-03-01,44.6439,43.4,251.7,815.3,,7.09
1973-04-01,44.5779,43.7,252.7,819.7,,7.12
1973-05-01,44.8726,43.9,254.9,826.8,,7.84
1973-06-01,44.9269,44.2,256.7,833.3,,8.49
1973-07-01,45.0921,44.2,257.5,836.5,,10.4
1973-08-01,45.0305,45.0,257.7,838.8,,10.5
1973-09-01,45.3912,45.2,257.9,839.3,,10.78
1973-10-01,45.7542,45.6,259.0,842.6,,10.01
1973-11-01,45.9606,45.9,261.0,848.9,,10.03
1973-12-01,45.8321,46.3,262.9,855.5,,9.95
1974-01-01,45.5297,46.8,263.8,859.7,,9.65
1974-02-01,45.3982,47.3,265.3,864.2,,8.97
1974-03-01,45.3907,47.8,266.7,870.1,,9.35
1974-04-01,45.253,48.1,267.2,872.9,,10.51
1974-05-01,45.6185,48.6,267.6,874.6,,11.31
1974-06-01,45.5354,49.0,268.5,877.8,,11.93
1974-07-01,45.6196,49.3,269.3,881.4,,12.92
1974-08-01,45.1411,49.9,270.1,884.1,,12.01
1974-09-01,45.1475,50.6,271.0,887.9,,11.34
1974-10-01,45.0063,51.0,272.3,893.3,,10.06
1974-11-01,43.5222,51.5,273.7,898.6,,9.45
1974-12-01,41.9572,51.9,274.2,902.1,,8.53
1975-01-01,41.3766,52.3,273.9,906.3,,7.13
1975-02-01,40.4317,52.6,275.0,914.1,,6.24
1975-03-01,39.9919,52.8,276.4,925.0,,5.54
1975-04-01,40.066,53.0,276.2,935.1,,5.49
1975-05-01,39.9521,53.1,279.2,947.9,,5.22
1975-06-01,40.2049,53.5,282.4,963.0,,5.55
1975-07-01,40.6187,54.0,283.7,975.1,,6.1
1975-08-01,41.0204,54.2,284.1,983.1,,6.14
1975-09-01,41.5526,54.6,285.7,991.5,,6.24
1975-10-01,41.7303,54.9,285.4,997.8,,5.82
1975-11-01,41.7882,55.3,286.8,1006.9,,5.22
1975-12-01,42.3527,55.6,287.1,1016.2,,5.2
1976-01-01,42.9179,55.8,288.4,1026.6,,4.87
1976-02-01,43.3469,55.9,290.8,1040.3,,4.77
1976-03-01,43.4396,56.0,292.7,1050.0,,4.84
1976-04-01,43.6562,56.1,294.7,1060.8,,4.82
1976-05-01,43.842,56.4,295.9,1072.1,,5.29
1976-06-01,43.8892,56.7,296.2,1077.6,,5.48
1976-07-01,44.1328,57.0,297.2,1086.3,,5.31
1976-08-01,44.4373,57.3,299.0,1098.7,,5.29
1976-09-01,44.5848,57.6,299.6,1110.8,,5.25
1976-10-01,44.5707,57.9,302.0,1125.0,,5.02
1976-11-01,45.2543,58.1,303.6,1138.2,,4.95
1976-12-01,45.7422,58.4,306.2,1152.0,,4.65
1977-01-01,45.4293,58.7,308.3,1165.2,,4.61
1977-02-01,46.1459,59.3,311.5,1177.6,,4.68
1977-03-01,46.7314,59.6,313.9,1188.5,,4.69
1977-04-01,47.188,60.0,316.0,1199.6,,4.73
1977-05-01,47.552,60.2,317.2,1209.0,,5.35
1977-06-01,47.9155,60.5,318.8,1217.8,,5.39
1977-07-01,47.9773,60.8,320.2,1226.7,,5.42
1977-08-01,48.0266,61.1,322.3,1237.0,,5.9
1977-09-01,48.2179,61.3,324.5,1246.2,,6.14
1977-10-01,48.295,61.6,326.4,1254.0,,6.47
1977-11-01,48.3823,62.0,328.6,1262.4,,6.51
1977-12-01,48.4679,62.3,330.9,1270.3,,6.56
1978-01-01,47.7604,62.7,334.4,1279.7,,6.7
1978-02-01,48.0271,63.0,335.3,1285.5,,6.78
1978-03-01,48.9459,63.4,337.0,1292.2,,6.79
1978-04-01,49.9198,63.9,339.9,1300.4,,6.89
1978-05-01,50.1602,64.5,344.9,1310.5,,7.36
1978-06-01,50.4826,65.0,346.9,1318.5,,7.6
1978-07-01,50.4464,65.5,347.6,1324.1,,7.81
1978-08-01,50.6531,65.9,349.6,1333.5,,8.04
1978-09-01,50.7724,66.5,352.2,1345.0,,8.45
1978-10-01,51.1649,67.1,353.3,1352.3,,8.96
1978-11-01,51.5582,67.5,355.4,1359.1,,9.76
1978-12-01,51.8153,67.9,357.3,1366.0,,10.03
1979-01-01,51.5359,68.5,358.6,1371.6,,10.07
1979-02-01,51.7994,69.2,359.9,1377.8,,10.06
1979-03-01,51.9544,69.9,362.5,1387.8,,10.09
1979-04-01,51.334,70.6,368.0,1402.1,,10.01
1979-05-01,51.7922,71.4,369.6,1410.2,,10.24
1979-06-01,51.7961,72.2,373.4,1423.0,,10.29
1979-07-01,51.7124,73.0,377.2,1434.8,,10.47
1979-08-01,51.3766,73.7,378.8,1446.6,,10.94
1979-09-01,51.3741,74.4,379.3,1454.1,,11.43
1979-10-01,51.7268,75.2,380.8,1460.4,,13.77
1979-11-01,51.6422,76.0,380.8,1465.9,,13.18
1979-12-01,51.6763,76.9,381.8,1473.7,,13.78
1980-01-01,51.9545,78.0,385.8,1482.7,,13.82
1980-02-01,51.9779,79.0,390.1,1494.6,,14.13
1980-03-01,51.7565,80.1,388.4,1499.8,,17.19
1980-04-01,50.7369,80.9,383.8,1502.2,,17.61
1980-05-01,49.49,81.7,384.8,1512.3,,10.98
1980-06-01,48.8505,82.5,389.1,1529.2,,9.47
1980-07-01,48.4997,82.6,394.0,1545.5,,9.03
1980-08-01,48.6554,83.2,399.2,1561.5,,9.61
1980-09-01,49.4677,83.9,404.8,1574.0,,10.87
1980-10-01,50.0947,84.7,409.0,1584.8,,12.81
1980-11-01,50.9311,85.6,410.7,1595.8,,15.85
1980-12-01,51.2644,86.4,408.5,1599.8,,18.9
1981-01-01,50.9453,87.2,411.3,1606.9,,19.08
1981-02-01,50.7332,88.0,414.8,1618.7,,15.93
1981-03-01,50.9922,88.6,419.0,1636.6,,14.7
1981-04-01,50.778,89.1,427.4,1659.2,,15.72
1981-05-01,51.0667,89.7,424.7,1664.2,,18.52
1981-06-01,51.3355,90.5,425.2,1670.3,,19.1
1981-07-01,51.6646,91.5,426.9,1681.9,,19.04
1981-08-01,51.6049,92.2,426.9,1694.3,,17.82
1981-09-01,51.3527,93.1,427.0,1706.0,,15.87
1981-10-01,50.9581,93.4,428.4,1721.8,,15.08
1981-11-01,50.3634,93.8,431.3,1736.1,,13.31
1981-12-01,49.8181,94.1,436.7,1755.5,,12.37
1982-01-01,48.7979,94.4,442.7,1770.4,,13.22
1982-02-01,49.7942,94.7,441.9,1774.5,,14.78
1982-03-01,49.459,94.7,442.7,1786.5,,14.68
1982-04-01,49.0072,95.0,447.1,1803.9,,14.94
1982-05-01,48.6784,95.9,446.7,1815.4,,14.45
1982-06-01,48.5529,97.0,447.5,1826.0,,14.15
1982-07-01,48.3859,97.5,448.0,1831.5,,12.59
1982-08-01,47.9495,97.7,451.4,1845.2,,10.12
1982-09-01,47.8258,97.7,456.9,1858.4,,10.31
1982-10-01,47.3656,98.1,464.5,1869.7,,9.71
1982-11-01,47.2148,98.0,471.5,1883.7,,9.2
1982-12-01,46.8797,97.7,474.8,1905.9,,8.95
1983-01-01,47.7491,97.9,477.2,1959.4,,8.68
1983-02-01,47.4548,98.0,484.3,1996.8,,8.51
1983-03-01,47.8516,98.1,490.6,2015.2,,8.77
1983-04-01,48.4511,98.8,493.2,2028.6,,8.8
1983-05-01,48.7542,99.2,500.0,2043.1,,8.63
1983-06-01,49.0496,99.4,504.0,2053.5,,8.98
1983-07-01,49.7773,99.8,507.8,2064.8,,9.37
1983-08-01,50.3727,100.1,510.5,2074.0,,9.56
1983-09-01,51.098,100.4,512.8,2083.2,,9.45
1983-10-01,51.4993,100.8,517.2,2099.2,,9.48
1983-11-01,51.727,101.1,519.0,2112.3,,9.34
1983-12-01,51.9886,101.4,521.4,2123.5,,9.47
1984-01-01,53.0175,102.1,525.1,2138.2,,9.56
1984-02-01,53.2651,102.6,527.5,2158.2,,9.59
1984-03-01,53.5145,102.9,531.4,2175.2,,9.91
1984-04-01,53.8319,103.3,535.0,2191.7,,10.29
1984-05-01,54.1204,103.5,536.7,2204.1,,10.32
1984-06-01,54.3133,103.7,540.2,2215.1,,11.06
1984-07-01,54.4644,104.1,540.9,2223.5,,11.23
1984-08-01,54.53,104.4,541.0,2230.4,,11.64
1984-09-01,54.3775,104.7,543.1,2244.4,,11.3
1984-10-01,54.3528,105.1,543.7,2258.9,,9.99
1984-11-01,54.5344,105.3,547.5,2281.4,,9.43
1984-12-01,54.5608,105.5,551.6,2306.4,,8.38
1985-01-01,54.5342,105.7,557.0,2332.4,,8.35
1985-02-01,54.7019,106.3,563.6,2354.1,,8.5
1985-03-01,54.7739,106.8,566.6,2366.2,,8.58
1985-04-01,54.6662,107.0,570.4,2375.4,,8.27
1985-05-01,54.7472,107.2,575.1,2389.5,,7.97
1985-06-01,54.7211,107.5,582.3,2412.6,,7.53
1985-07-01,54.4381,107.7,589.1,2429.5,,7.88
1985-08-01,54.619,107.9,596.2,2444.0,,7.9
1985-09-01,54.82,108.1,603.3,2456.4,,7.92
1985-10-01,54.6304,108.5,607.8,2468.0,,7.99
1985-11-01,54.8176,109.0,612.2,2477.8,,8.05
1985-12-01,55.3596,109.5,619.8,2492.1,,8.27
1986-01-01,55.6511,109.9,621.4,2502.1,,8.14
1986-02-01,55.27,109.7,625.2,2512.9,,7.86
1986-03-01,54.8828,109.1,633.5,2533.1,,7.48
1986-04-01,54.9456,108.7,641.0,2557.8,,6.99
1986-05-01,55.0535,109.0,652.0,2584.8,,6.85
1986-06-01,54.837,109.4,660.6,2605.0,,6.92
1986-07-01,55.1716,109.5,670.3,2626.6,,6.56
1986-08-01,55.0792,109.6,678.7,2646.5,,6.17
1986-09-01,55.2317,110.0,687.4,2667.8,,5.89
1986-10-01,55.4645,110.2,694.9,2687.4,,5.85
1986-11-01,55.6854,110.4,705.4,2701.3,,6.04
1986-12-01,56.212,110.8,724.7,2728.0,,6.91
1987-01-01,56.0012,111.4,730.2,2743.9,63.735,6.43
1987-02-01,56.7438,111.8,730.7,2747.5,64.135,6.1
1987-03-01,56.8235,112.2,733.8,2753.7,64.47,6.13
1987-04-01,57.1954,112.7,743.9,2767.7,64.973,6.37
1987-05-01,57.5498,113.0,745.8,2772.9,65.547,6.85
1987-06-01,57.8603,113.5,743.2,2774.6,66.218,6.73
1987-07-01,58.2501,113.8,743.0,2779.0,66.786,6.58
1987-08-01,58.6889,114.3,744.9,2788.2,67.27,6.73
1987-09-01,58.9137,114.7,747.6,2799.5,67.624,7.22
1987-10-01,59.7083,115.0,756.2,2814.8,67.902,7.29
1987-11-01,60.0022,115.4,753.2,2818.9,68.093,6.69
1987-12-01,60.3336,115.6,750.2,2826.4,68.344,6.77
1988-01-01,60.3186,116.0,756.2,2847.4,68.582,6.83
1988-02-01,60.6209,116.2,757.7,2870.4,68.915,6.58
1988-03-01,60.7591,116.5,761.8,2890.7,69.324,6.58
1988-04-01,61.1144,117.2,768.1,2910.7,69.789,6.87
1988-05-01,60.9952,117.5,771.7,2926.0,70.40899999999999,7.09
1988-06-01,61.1697,118.0,778.3,2938.4,71.068,7.51
1988-07-01,61.1749,118.5,781.4,2947.2,71.686,7.75
1988-08-01,61.4851,119.0,783.3,2952.0,72.186,8.01
1988-09-01,61.2844,119.5,783.7,2956.9,72.575,8.19
1988-10-01,61.5595,119.9,783.3,2965.3,72.82300000000001,8.3
1988-11-01,61.7128,120.3,784.9,2980.2,73.065,8.35
1988-12-01,61.9983,120.7,786.7,2988.2,73.279,8.76
1989-01-01,62.1789,121.2,785.7,2991.7,73.618,9.12
1989-02-01,61.9074,121.6,783.8,2992.2,73.969,9.36
1989-03-01,62.0592,122.2,783.0,2999.7,74.411,9.85
1989-04-01,62.0424,123.1,779.2,3006.0,74.868,9.84
1989-05-01,61.6948,123.7,775.0,3011.6,75.296,9.81
1989-06-01,61.6915,124.1,773.5,3027.9,75.696,9.53
1989-07-01,61.0978,124.5,777.8,3052.4,76.042,9.24
1989-08-01,61.6949,124.5,779.4,3074.4,76.273,8.99
1989-09-01,61.4839,124.8,781.0,3092.5,76.422,9.02
1989-10-01,61.4105,125.4,786.6,3114.1,76.48899999999999,8.84
1989-11-01,61.6172,125.9,787.9,3133.3,76.52199999999999,8.55
1989-12-01,61.9635,126.3,792.9,3152.5,76.498,8.45
1990-01-01,61.644,127.5,795.4,3166.8,76.527,8.23
1990-02-01,62.2108,128.0,798.1,3179.2,76.587,8.24
1990-03-01,62.5068,128.6,801.5,3190.1,76.79,8.28
1990-04-01,62.3597,128.9,806.1,3201.6,77.038,8.26
1990-05-01,62.5474,129.1,804.2,3200.6,77.296,8.18
1990-06-01,62.7541,129.9,808.8,3213.7,77.505,8.29
1990-07-01,62.6497,130.5,810.1,3224.5,77.561,8.15
1990-08-01,62.8761,131.6,815.7,3242.0,77.479,8.13
1990-09-01,62.896,132.5,820.2,3254.6,77.229,8.2
1990-10-01,62.506,133.4,819.9,3259.3,76.91199999999999,8.11
1990-11-01,61.7271,133.7,822.1,3262.6,76.381,7.81
1990-12-01,61.2939,134.2,824.7,3271.8,75.972,7.31
1991-01-01,61.0931,134.7,827.2,3287.7,75.53399999999999,6.91
1991-02-01,60.6522,134.8,832.6,3304.5,75.249,6.25
1991-03-01,60.3069,134.8,838.7,3321.9,75.13600000000001,6.12
1991-04-01,60.4658,135.1,843.1,3332.4,75.316,5.91
1991-05-01,61.0671,135.6,848.8,3343.0,75.768,5.78
1991-06-01,61.5611,136.0,856.7,3351.9,76.252,5.9
1991-07-01,61.723,136.2,861.6,3356.1,76.517,5.82
1991-08-01,61.736,136.6,866.8,3355.0,76.594,5.66
1991-09-01,62.2464,137.0,869.7,3354.9,76.575,5.45
1991-10-01,62.1825,137.2,878.0,3360.1,76.291,5.21
1991-11-01,62.0983,137.8,887.6,3365.5,76.031,4.81
1991-12-01,61.8108,138.2,897.0,3372.2,75.844,4.43
1992-01-01,61.4898,138.3,910.4,3381.2,75.7,4.03
1992-02-01,61.9299,138.6,925.2,3400.0,75.655,4.06
1992-03-01,62.449,139.1,936.7,3403.9,75.814,3.98
1992-04-01,62.9312,139.4,943.8,3399.7,76.08,3.73
1992-05-01,63.1359,139.7,950.6,3398.6,76.398,3.82
1992-06-01,63.1736,140.1,954.3,3393.4,76.602,3.76
1992-07-01,63.7408,140.5,963.3,3393.9,76.711,3.25
1992-08-01,63.3917,140.8,973.7,3398.8,76.73100000000001,3.3
1992-09-01,63.5927,141.1,988.0,3410.3,76.628,3.22
1992-10-01,64.0282,141.7,1003.7,3423.8,76.598,3.1
1992-11-01,64.2732,142.1,1015.7,3426.5,76.579,3.09
1992-12-01,64.3668,142.3,1024.9,3424.7,76.464,2.92
1993-01-01,64.6256,142.8,1030.4,3419.1,76.395,3.02
1993-02-01,64.929,143.1,1033.5,3414.5,76.327,3.03
1993-03-01,64.872,143.3,1038.4,3411.7,76.382,3.07
1993-04-01,65.0611,143.8,1047.6,3411.3,76.66,2.96
1993-05-01,64.8104,144.2,1065.9,3436.9,77.03,3.0
1993-06-01,64.9553,144.3,1075.1,3442.4,77.516,3.04
1993-07-01,65.1198,144.5,1084.6,3442.0,77.885,3.06
1993-08-01,65.0494,144.8,1094.2,3445.7,78.131,3.03
1993-09-01,65.3882,145.0,1104.2,3452.2,78.19800000000001,3.09
1993-10-01,65.8702,145.6,1113.1,3456.7,78.172,2.99
1993-11-01,66.1779,146.0,1124.1,3470.1,78.17,3.02
1993-12-01,66.5602,146.3,1129.6,3474.5,78.113,2.96
1994-01-01,66.7722,146.3,1131.6,3474.9,78.199,3.05
1994-02-01,66.8068,146.7,1136.3,3475.7,78.205,3.25
1994-03-01,67.4832,147.1,1140.1,3480.1,78.34899999999999,3.34
1994-04-01,67.8771,147.2,1141.1,3481.3,78.70100000000001,3.56
1994-05-01,68.1961,147.5,1143.3,3490.8,79.208,4.01
1994-06-01,68.6526,147.9,1145.2,3479.5,79.70100000000001,4.25
1994-07-01,68.7353,148.4,1150.7,3488.2,80.063,4.26
1994-08-01,69.1954,149.0,1150.6,3485.7,80.317,4.47
1994-09-01,69.4017,149.3,1151.9,3486.1,80.34,4.73
1994-10-01,69.969,149.4,1150.2,3484.3,80.305,4.76
1994-11-01,70.4367,149.8,1150.9,3487.2,80.17,5.29
1994-12-01,71.1413,150.1,1150.7,3486.4,80.079,5.45
1995-01-01,71.2762,150.5,1151.4,3492.4,80.027,5.53
1995-02-01,71.1904,150.9,1147.4,3489.9,79.992,5.92
1995-03-01,71.2891,151.2,1146.7,3491.1,80.078,5.98
1995-04-01,71.1623,151.8,1149.3,3499.2,80.369,6.05
1995-05-01,71.5044,152.1,1145.3,3524.2,80.691,6.01
1995-06-01,71.743,152.4,1144.2,3548.9,81.068,6.0
1995-07-01,71.4459,152.6,1145.5,3567.4,81.41199999999999,5.85
1995-08-01,72.38,152.9,1145.4,3589.0,81.655,5.74
1995-09-01,72.6601,153.1,1142.0,3602.1,81.73899999999999,5.8
1995-10-01,72.5428,153.5,1137.3,3613.4,81.727,5.76
1995-11-01,72.7178,153.7,1134.1,3619.9,81.631,5.8
1995-12-01,72.9672,153.9,1127.5,3629.5,81.514,5.6
1996-01-01,72.5866,154.7,1123.5,3647.9,81.42699999999999,5.56
1996-02-01,73.6389,155.0,1118.5,3661.8,81.4,5.22
1996-03-01,73.5202,155.5,1122.6,3686.9,81.666,5.31
1996-04-01,74.2664,156.1,1124.8,3697.7,82.125,5.22
1996-05-01,74.8145,156.4,1116.5,3709.6,82.602,5.24
1996-06-01,75.3779,156.7,1115.2,3722.5,83.04899999999999,5.27
1996-07-01,75.3754,157.0,1112.4,3737.1,83.41799999999999,5.4
1996-08-01,75.7568,157.2,1101.6,3744.0,83.645,5.22
1996-09-01,76.2304,157.7,1096.2,3753.4,83.70200000000001,5.3
1996-10-01,76.2193,158.2,1085.7,3772.8,83.62899999999999,5.24
1996-11-01,76.8941,158.7,1083.5,3795.1,83.556,5.31
1996-12-01,77.3731,159.1,1081.3,3818.6,83.49,5.29
1997-01-01,77.5138,159.4,1081.2,3834.6,83.53,5.25
1997-02-01,78.4246,159.7,1078.8,3846.3,83.59700000000001,5.19
1997-03-01,78.9266,159.8,1072.5,3861.2,83.911,5.39
1997-04-01,78.9924,159.9,1063.9,3877.0,84.321,5.51
1997-05-01,79.4411,159.9,1063.8,3889.2,84.86399999999999,5.5
1997-06-01,79.8048,160.2,1066.1,3906.0,85.398,5.56
1997-07-01,80.48,160.4,1065.5,3923.9,85.84100000000001,5.52
1997-08-01,81.2862,160.8,1075.3,3957.4,86.15100000000001,5.54
1997-09-01,82.038,161.2,1066.9,3973.1,86.311,5.54
1997-10-01,82.7657,161.5,1065.6,3992.3,86.40799999999999,5.5
1997-11-01,83.4321,161.7,1070.9,4014.8,86.632,5.52
1997-12-01,83.7826,161.8,1072.3,4032.9,86.848,5.5
1998-01-01,84.1656,162.0,1074.0,4056.2,87.163,5.56
1998-02-01,84.3048,162.0,1077.8,4088.9,87.37299999999999,5.51
1998-03-01,84.3416,162.0,1076.9,4114.3,87.87700000000001,5.49
1998-04-01,84.6263,162.2,1076.5,4140.2,88.55799999999999,5.45
1998-05-01,85.1839,162.6,1079.1,4164.4,89.374,5.49
1998-06-01,84.6809,162.8,1076.3,4184.1,90.195,5.56
1998-07-01,84.3448,163.2,1075.1,4203.8,90.859,5.54
1998-08-01,86.0846,163.4,1075.9,4228.7,91.407,5.55
1998-09-01,85.9945,163.5,1079.9,4267.6,91.752,5.51
1998-10-01,86.5967,163.9,1086.0,4307.7,91.999,5.07
1998-11-01,86.5114,164.1,1094.9,4346.4,92.197,4.83
1998-12-01,86.8608,164.4,1095.0,4375.2,92.444,4.68
1999-01-01,87.2277,164.7,1098.1,4402.6,92.714,4.63
1999-02-01,87.7266,164.7,1096.7,4425.3,92.981,4.76
1999-03-01,87.9203,164.8,1096.6,4432.1,93.611,4.81
1999-04-01,88.1153,165.9,1101.6,4460.7,94.436,4.74
1999-05-01,88.6554,166.0,1103.8,4485.3,95.36,4.74
1999-06-01,88.5958,166.0,1099.8,4507.2,96.363,4.76
1999-07-01,89.1235,166.7,1099.1,4534.5,97.192,4.99
1999-08-01,89.5116,167.1,1099.2,4551.7,97.897,5.07
1999-09-01,89.1361,167.8,1096.5,4567.7,98.4,5.22
1999-10-01,90.2842,168.1,1103.3,4591.5,98.832,5.2
1999-11-01,90.7631,168.4,1110.7,4610.5,99.149,5.42
1999-12-01,91.4926,168.8,1122.2,4638.0,99.543,5.3
2000-01-01,91.4251,169.3,1122.1,4666.2,100.0,5.45
2000-02-01,91.7357,170.0,1108.6,4679.4,100.571,5.73
2000-03-01,92.0933,171.0,1107.5,4710.2,101.466,5.85
2000-04-01,92.6838,170.9,1115.6,4766.1,102.54,6.02
2000-05-01,92.9376,171.2,1104.9,4753.9,103.702,6.27
2000-06-01,93.0076,172.2,1102.6,4771.8,104.855,6.53
2000-07-01,92.8458,172.7,1103.5,4789.4,105.721,6.54
2000-08-01,92.5972,172.7,1100.2,4817.5,106.521,6.5
2000-09-01,92.9653,173.6,1099.7,4853.2,107.135,6.52
2000-10-01,92.6418,173.9,1098.7,4869.2,107.728,6.51
2000-11-01,92.6618,174.2,1092.4,4880.3,108.29,6.51
2000-12-01,92.3459,174.6,1088.6,4925.0,108.791,6.4
2001-01-01,91.8903,175.6,1096.7,4975.7,109.214,5.98
2001-02-01,91.2915,176.0,1101.2,5014.1,109.642,5.49
2001-03-01,91.0526,176.1,1108.9,5072.0,110.394,5.31
2001-04-01,90.7293,176.4,1116.7,5135.9,111.247,4.8
2001-05-01,90.2577,177.3,1118.5,5133.0,112.202,4.21
2001-06-01,89.7677,177.7,1126.2,5173.5,113.272,3.97
2001-07-01,89.226,177.4,1138.9,5203.4,114.226,3.77
2001-08-01,89.1326,177.4,1150.2,5237.2,114.987,3.65
2001-09-01,88.6679,178.1,1205.7,5348.4,115.465,3.07
2001-10-01,88.3926,177.6,1165.7,5337.1,115.681,2.49
2001-11-01,87.8774,177.5,1171.0,5380.8,115.838,2.09
2001-12-01,87.8344,177.4,1183.2,5433.8,116.055,1.82
2002-01-01,88.4665,177.7,1190.7,5454.1,116.436,1.73
2002-02-01,88.4661,178.0,1190.6,5483.4,116.916,1.74
2002-03-01,89.1228,178.5,1193.3,5495.2,117.929,1.73
2002-04-01,89.5532,179.3,1186.9,5495.4,119.208,1.75
2002-05-01,89.934,179.5,1189.3,5521.5,120.788,1.75
2002-06-01,90.6769,179.6,1193.3,5546.5,122.333,1.75
2002-07-01,90.6455,180.0,1199.1,5589.1,123.687,1.73
2002-08-01,90.5475,180.5,1187.1,5631.6,124.729,1.74
2002-09-01,90.6381,180.8,1196.1,5656.0,125.494,1.75
2002-10-01,90.4041,181.2,1204.0,5700.4,126.136,1.75
2002-11-01,90.8985,181.5,1209.6,5750.6,126.642,1.34
2002-12-01,90.389,181.8,1220.2,5772.0,127.151,1.24
2003-01-01,91.1355,182.6,1227.3,5804.6,127.652,1.24
2003-02-01,91.2502,183.6,1238.2,5840.7,128.326,1.26
2003-03-01,91.0059,183.9,1239.3,5861.4,129.308,1.25
2003-04-01,90.4281,183.2,1250.0,5898.8,130.488,1.26
2003-05-01,90.4073,182.9,1268.8,5959.3,131.839,1.26
2003-06-01,90.5218,183.1,1281.0,5996.0,133.225,1.22
2003-07-01,90.9896,183.7,1287.5,6042.7,134.64700000000002,1.01
2003-08-01,90.7858,184.5,1296.4,6100.8,135.965,1.03
2003-09-01,91.3829,185.1,1297.2,6072.8,137.076,1.01
2003-10-01,91.5005,184.9,1297.8,6063.6,137.976,1.01
2003-11-01,92.1265,185.0,1299.1,6069.1,138.765,1.0
2003-12-01,92.1722,185.5,1306.2,6067.3,139.628,0.98
2004-01-01,92.327,186.3,1306.0,6075.5,140.705,1.0
2004-02-01,92.8873,186.7,1321.4,6114.3,142.028,1.01
2004-03-01,92.5325,187.1,1328.7,6150.1,144.079,1.0
2004-04-01,92.9096,187.4,1332.8,6191.2,146.179,1.0
2004-05-01,93.5838,188.2,1333.3,6268.1,148.334,1.0
2004-06-01,92.8621,188.9,1342.7,6270.5,150.518,1.03
2004-07-01,93.5511,189.1,1340.8,6284.3,152.33700000000002,1.26
2004-08-01,93.6328,189.2,1354.3,6310.6,153.813,1.43
2004-09-01,93.7418,189.8,1362.5,6345.3,155.107,1.61
2004-10-01,94.5671,190.8,1362.3,6373.3,156.298,1.76
2004-11-01,94.8,191.7,1374.2,6399.8,157.495,1.93
2004-12-01,95.5426,191.7,1376.0,6418.3,158.66899999999998,2.16
2005-01-01,95.8831,191.6,1367.1,6424.5,160.129,2.28
2005-02-01,96.5616,192.4,1371.1,6432.8,161.923,2.5
2005-03-01,96.4371,193.1,1370.9,6441.9,164.575,2.63
2005-04-01,96.628,193.7,1358.4,6455.9,166.99900000000002,2.79
2005-05-01,96.7306,193.6,1366.0,6473.3,169.544,3.0
2005-06-01,97.1488,193.7,1380.1,6505.8,172.015,3.04
2005-07-01,96.8383,194.9,1369.0,6537.4,174.097,3.26
2005-08-01,97.1603,196.1,1377.8,6570.2,175.923,3.5
2005-09-01,95.2729,198.8,1378.6,6604.3,177.61,3.62
2005-10-01,96.4383,199.1,1376.5,6638.6,178.75099999999998,3.78
2005-11-01,97.4951,198.1,1376.1,6655.0,179.673,4.0
2005-12-01,97.9788,198.1,1374.3,6681.9,180.106,4.16
2006-01-01,98.1305,199.3,1379.5,6724.3,180.827,4.29
2006-02-01,98.1779,199.4,1378.4,6748.6,181.499,4.49
2006-03-01,98.3898,199.7,1383.2,6762.9,182.749,4.59
2006-04-01,98.6769,200.7,1381.4,6800.1,183.647,4.79
2006-05-01,98.7052,201.3,1387.2,6806.9,184.379,4.94
2006-06-01,99.0427,201.8,1375.4,6844.9,184.546,4.99
2006-07-01,98.9804,202.9,1372.4,6886.3,184.607,5.24
2006-08-01,99.4106,203.8,1372.4,6917.1,184.404,5.25
2006-09-01,99.2207,202.8,1364.4,6944.2,184.198,5.25
2006-10-01,99.1253,201.9,1370.3,6993.3,184.053,5.25
2006-11-01,99.0969,202.0,1370.8,7028.4,183.631,5.25
2006-12-01,100.1122,203.1,1366.6,7071.6,183.228,5.24
2007-01-01,99.7571,203.437,1371.7,7109.6,182.717,5.25
2007-02-01,100.7275,204.226,1363.0,7125.3,182.47,5.26
2007-03-01,100.9023,205.288,1366.5,7159.1,182.192,5.26
2007-04-01,101.5874,205.904,1378.0,7231.3,182.13,5.25
2007-05-01,101.6299,206.755,1380.9,7245.4,181.884,5.25
2007-06-01,101.6482,207.234,1368.2,7278.6,181.539,5.25
2007-07-01,101.4925,207.603,1371.8,7309.0,180.992,5.26
2007-08-01,101.6874,207.667,1376.3,7385.1,180.233,5.02
2007-09-01,101.9398,208.547,1375.7,7403.2,179.12099999999998,4.94
2007-10-01,101.6345,209.19,1379.4,7417.2,177.52900000000002,4.76
2007-11-01,102.2068,210.834,1371.8,7441.8,175.16099999999997,4.49
2007-12-01,102.2604,211.445,1373.4,7471.6,173.33700000000002,4.24
2008-01-01,102.14,212.174,1377.7,7505.5,171.076,3.94
2008-02-01,101.7671,212.687,1380.4,7590.6,169.18900000000002,2.98
2008-03-01,101.4355,213.448,1388.7,7656.2,167.90200000000002,2.61
2008-04-01,100.7424,213.942,1391.4,7699.2,167.322,2.28
2008-05-01,100.132,215.208,1393.4,7711.2,167.019,1.98
2008-06-01,99.8651,217.463,1404.6,7728.9,166.53599999999997,2.0
2008-07-01,99.4214,219.016,1421.1,7775.4,165.71200000000002,2.01
2008-08-01,97.8448,218.69,1407.4,7790.2,164.27599999999998,2.0
2008-09-01,93.559,218.877,1462.0,7859.5,161.911,1.81
2008-10-01,94.4956,216.995,1473.8,7965.3,159.162,0.97
2008-11-01,93.2689,213.153,1514.6,8015.8,156.071,0.39
2008-12-01,90.628,211.398,1601.7,8192.1,152.54399999999998,0.16
2009-01-01,88.3811,211.933,1582.8,8273.7,149.362,0.15
2009-02-01,87.8412,212.705,1567.2,8303.1,147.618,0.22
2009-03-01,86.4794,212.495,1578.9,8369.3,146.514,0.18
2009-04-01,85.7883,212.709,1611.6,8372.9,146.941,0.15
2009-05-01,84.9516,213.022,1617.5,8430.7,148.168,0.18
2009-06-01,84.6928,214.79,1658.8,8440.5,149.795,0.21
2009-07-01,85.7044,214.726,1662.5,8445.1,150.747,0.16
2009-08-01,86.6617,215.445,1660.0,8445.0,150.668,0.16
2009-09-01,87.4033,215.861,1664.9,8444.2,149.627,0.15
2009-10-01,87.6035,216.509,1677.7,8471.1,148.585,0.12
2009-11-01,87.9559,217.234,1683.0,8500.8,147.939,0.12
2009-12-01,88.2468,217.347,1692.8,8496.0,146.66299999999998,0.12
2010-01-01,89.1911,217.488,1674.7,8458.1,145.003,0.11
2010-02-01,89.4972,217.281,1699.8,8507.4,143.053,0.13
2010-03-01,90.1419,217.353,1711.9,8504.5,143.596,0.16
2010-04-01,90.4591,217.403,1699.0,8535.2,145.404,0.2
2010-05-01,91.702,217.29,1710.1,8589.9,147.04,0.2
2010-06-01,91.8997,217.199,1731.6,8609.0,147.705,0.18
2010-07-01,92.2522,217.605,1724.0,8618.8,147.565,0.18
2010-08-01,92.5899,217.923,1748.7,8669.1,146.429,0.19
2010-09-01,92.8564,218.275,1766.2,8700.1,144.61,0.19
2010-10-01,92.6037,219.035,1780.4,8749.4,143.13,0.19
2010-11-01,92.6773,219.59,1828.4,8770.0,141.819,0.19
2010-12-01,93.5851,220.472,1836.7,8801.8,140.628,0.18
2011-01-01,93.3944,221.187,1846.3,8823.1,139.036,0.17
2011-02-01,92.993,221.898,1870.1,8886.9,137.731,0.16
2011-03-01,93.982,223.046,1896.5,8943.5,137.785,0.14
2011-04-01,93.6525,224.093,1897.0,9004.9,139.158,0.1
2011-05-01,93.7775,224.806,1941.6,9075.5,140.69299999999998,0.09
2011-06-01,94.0467,224.806,1963.4,9151.0,141.945,0.09
2011-07-01,94.4931,225.395,1996.0,9316.6,142.343,0.07
2011-08-01,95.0969,226.106,2115.4,9507.6,141.786,0.1
2011-09-01,95.0281,226.597,2120.0,9528.3,140.168,0.08
2011-10-01,95.6924,226.75,2128.5,9562.1,138.41,0.07
2011-11-01,95.6913,227.169,2182.0,9612.6,136.665,0.08
2011-12-01,96.1938,227.223,2165.7,9660.1,135.167,0.07
2012-01-01,96.779,227.842,2201.8,9733.3,134.167,0.08
2012-02-01,97.0959,228.329,2207.1,9785.7,133.996,0.1
2012-03-01,96.5919,228.807,2227.8,9830.6,135.864,0.13
2012-04-01,97.2942,229.187,2237.3,9884.6,138.47,0.14
2012-05-01,97.4853,228.713,2256.2,9928.4,141.047,0.16
2012-06-01,97.4959,228.524,2275.3,9999.3,143.16899999999998,0.16
2012-07-01,97.6922,228.59,2315.0,10051.8,144.282,0.16
2012-08-01,97.3061,229.918,2354.1,10121.3,144.705,0.13
2012-09-01,97.2383,231.015,2386.6,10200.8,144.357,0.14
2012-10-01,97.5425,231.638,2420.1,10267.3,143.966,0.16
2012-11-01,97.934,231.249,2441.2,10337.6,143.958,0.16
2012-12-01,98.1984,231.221,2460.7,10459.7,143.865,0.16
2013-01-01,98.2029,231.679,2476.7,10482.9,144.31,0.14
2013-02-01,98.6733,232.937,2468.9,10501.3,145.161,0.15
2013-03-01,99.0788,232.282,2476.3,10558.3,147.961,0.14
2013-04-01,98.9658,231.797,2504.9,10586.3,150.97,0.15
2013-05-01,99.0567,231.893,2523.5,10621.0,153.86,0.11
2013-06-01,99.2424,232.445,2521.0,10678.7,156.428,0.09
2013-07-01,98.9258,232.9,2542.3,10718.4,158.287,0.09
2013-08-01,99.5059,233.456,2551.3,10776.6,159.394,0.08
2013-09-01,100.0391,233.544,2585.5,10837.2,159.673,0.08
2013-10-01,99.9203,233.669,2631.2,10961.6,159.556,0.09
2013-11-01,100.1661,234.1,2638.8,10969.7,159.364,0.08
2013-12-01,100.3777,234.719,2674.2,11035.0,159.281,0.09
2014-01-01,99.999,235.288,2714.1,11105.7,159.369,0.07
2014-02-01,100.7583,235.547,2730.2,11171.2,159.872,0.07
2014-03-01,101.7767,236.028,2749.3,11208.1,161.189,0.08
2014-04-01,101.8425,236.468,2774.2,11253.1,162.968,0.09
2014-05-01,102.2594,236.918,2785.3,11317.9,164.68200000000002,0.09
2014-06-01,102.5986,237.231,2817.2,11373.5,166.21200000000002,0.1
2014-07-01,102.8163,237.498,2837.3,11427.4,167.136,0.09
2014-08-01,102.6562,237.46,2787.0,11451.9,167.45,0.09
2014-09-01,102.9776,237.477,2861.2,11493.7,167.241,0.09
2014-10-01,102.9892,237.43,2880.4,11568.1,166.90900000000002,0.09
2014-11-01,103.6402,236.983,2888.2,11608.8,166.657,0.09
2014-12-01,103.6345,236.252,2955.8,11692.0,166.459,0.12
2015-01-01,102.8239,234.747,2952.9,11764.6,166.248,0.11
2015-02-01,102.1513,235.342,3009.9,11870.8,166.63,0.11
2015-03-01,101.824,235.976,2996.8,11883.6,168.08700000000002,0.11
2015-04-01,101.244,236.222,2999.1,11923.2,169.968,0.12
2015-05-01,100.783,237.001,2978.6,11954.4,171.84900000000002,0.12
2015-06-01,100.4781,237.657,3013.4,12000.5,173.449,0.13
2015-07-01,101.1052,238.034,3034.4,12049.9,174.495,0.13
2015-08-01,100.9442,238.033,3017.6,12100.2,174.937,0.14
2015-09-01,100.6507,237.498,3044.8,12160.7,175.043,0.14
2015-10-01,100.1871,237.733,3026.1,12200.8,175.049,0.12
2015-11-01,99.4382,238.017,3083.4,12289.8,175.141,0.12
2015-12-01,98.939,237.761,3104.1,12350.6,175.113,0.24
2016-01-01,99.4558,237.652,3103.4,12480.0,175.032,0.34
2016-02-01,98.9136,237.336,3131.6,12546.7,175.27599999999998,0.38
2016-03-01,98.1907,238.08,3152.8,12609.3,176.597,0.36
2016-04-01,98.4669,238.992,3197.7,12692.8,178.493,0.37
2016-05-01,98.2518,239.557,3236.5,12763.3,180.341,0.37
2016-06-01,98.7275,240.222,3242.4,12828.7,181.913,0.38
2016-07-01,98.836,240.101,3241.7,12889.6,183.015,0.39
2016-08-01,98.7554,240.545,3312.7,12976.2,183.653,0.4
2016-09-01,98.6596,241.176,3326.7,13039.1,183.942,0.4
2016-10-01,98.7322,241.741,3338.5,13109.2,184.017,0.4
2016-11-01,98.3452,242.026,3354.4,13179.7,184.23,0.41
2016-12-01,99.0314,242.637,3345.1,13212.5,184.402,0.54
2017-01-01,98.7987,243.618,3393.2,13283.5,184.655,0.65
2017-02-01,98.4322,244.006,3403.1,13348.1,185.022,0.66
2017-03-01,99.0663,243.892,3451.3,13416.7,186.53,0.79
2017-04-01,100.0082,244.193,3450.4,13477.4,188.543,0.9
2017-05-01,100.1286,244.004,3516.2,13535.7,190.539,0.91
2017-06-01,100.3233,244.163,3525.3,13559.5,192.266,1.04
2017-07-01,100.0947,244.243,3547.3,13623.5,193.511,1.15
2017-08-01,99.6642,245.183,3586.5,13682.0,194.346,1.16
2017-09-01,99.7686,246.435,3570.5,13727.4,194.817,1.15
2017-10-01,100.9981,246.626,3607.8,13781.6,195.083,1.15
2017-11-01,101.2597,247.284,3629.4,13807.6,195.45,1.16
2017-12-01,101.4573,247.805,3613.3,13853.0,195.846,1.3
2018-01-01,101.3939,248.859,3651.1,13861.8,196.112,1.41
2018-02-01,101.7656,249.529,3614.4,13899.4,196.9,1.42
2018-03-01,102.2441,249.577,3664.5,13958.0,198.569,1.51
2018-04-01,103.3468,250.227,3656.6,13980.7,200.613,1.69
2018-05-01,102.3911,250.792,3654.0,14046.2,202.452,1.7
2018-06-01,103.1924,251.018,3655.6,14107.1,204.042,1.82
2018-07-01,103.3334,251.214,3681.5,14145.3,204.949,1.91
2018-08-01,104.0807,251.663,3695.0,14193.2,205.326,1.91
2018-09-01,104.1181,252.182,3702.2,14224.6,205.372,1.95
2018-10-01,103.9397,252.772,3726.1,14234.7,205.367,2.19
2018-11-01,104.0007,252.594,3704.2,14245.0,205.105,2.2
2018-12-01,103.9946,252.767,3764.3,14355.3,204.696,2.27
2019-01-01,103.373,252.561,3744.4,14417.1,204.201,2.4
2019-02-01,102.8292,253.319,3751.2,14454.4,204.429,2.4
2019-03-01,102.8286,254.277,3735.0,14496.7,205.777,2.41
2019-04-01,102.2481,255.233,3779.3,14531.0,207.691,2.42
2019-05-01,102.4192,255.296,3788.0,14643.4,209.354,2.39
2019-06-01,102.4893,255.213,3832.1,14765.4,210.59,2.38
2019-07-01,102.0236,255.802,3865.0,14847.2,211.341,2.4
2019-08-01,102.7754,256.036,3862.0,14928.8,211.699,2.13
2019-09-01,102.5315,256.43,3901.2,15019.9,211.878,2.04
2019-10-01,101.6022,257.155,3931.6,15154.5,211.971,1.83
2019-11-01,102.148,257.879,3952.8,15252.6,212.11,1.55
2019-12-01,101.884,258.63,4008.4,15313.7,212.241,1.55
2020-01-01,101.3768,258.906,3977.6,15380.6,212.401,1.55
2020-02-01,101.633,259.246,3979.6,15432.3,213.22,1.58
2020-03-01,97.6672,258.15,4260.9,15962.0,215.197,0.65
2020-04-01,84.5979,256.126,4788.8,16983.9,217.243,0.05
2020-05-01,85.9732,255.848,16245.5,17850.9,218.493,0.05
2020-06-01,91.5625,257.004,16574.1,18142.8,219.82,0.08
2020-07-01,95.0144,258.408,16774.5,18293.3,221.577,0.09
2020-08-01,95.8881,259.366,16898.8,18365.2,224.057,0.1
2020-09-01,95.8444,259.951,17170.5,18591.4,226.81,0.09
2020-10-01,96.4292,260.249,17365.7,18743.5,229.823,0.09
2020-11-01,96.8564,260.895,17612.9,18959.3,232.328,0.09
2020-12-01,97.9754,262.005,17803.1,19097.4,234.378,0.09
2021-01-01,98.7836,262.518,18063.0,19323.0,236.45,0.09
2021-02-01,95.3744,263.583,18322.4,19559.8,239.23,0.08
2021-03-01,98.1351,264.91,18595.7,19799.3,244.226,0.07
2021-04-01,98.2886,266.752,18946.1,20125.1,249.832,0.07
2021-05-01,99.1508,268.452,19266.3,20429.4,255.457,0.06
2021-06-01,99.5096,270.664,19327.2,20473.1,261.181,0.08
2021-07-01,100.1231,271.994,19494.0,20624.9,265.519,0.1
2021-08-01,100.1255,272.789,19720.9,20835.7,268.795,0.09
2021-09-01,99.0614,273.887,19863.2,20965.7,271.449,0.08
2021-10-01,100.3045,276.434,20057.2,21146.3,273.659,0.08
2021-11-01,101.1971,278.799,20246.8,21320.5,276.03,0.08
2021-12-01,100.886,280.808,20436.2,21500.5,278.603,0.08
2022-01-01,101.0227,282.39,20500.5,21559.0,281.97700000000003,0.08
2022-02-01,101.6766,284.535,20578.3,21615.2,287.197,0.08
2022-03-01,102.478,287.553,20691.2,21721.1,295.011,0.2
2022-04-01,102.7953,288.764,20708.3,21722.2,301.659,0.33
2022-05-01,102.7769,291.359,20676.4,21691.3,306.434,0.77
2022-06-01,102.6863,294.996,20606.7,21650.4,308.23,1.21
2022-07-01,103.1328,294.977,20540.7,21642.9,307.07,1.68
2022-08-01,103.2344,295.209,20456.5,21618.9,303.627,2.33
2022-09-01,103.5283,296.341,20304.1,21539.1,300.45,2.56
2022-10-01,103.4114,297.863,20142.0,21471.5,298.67400000000004,3.08
2022-11-01,103.0707,298.648,19972.8,21405.1,296.861,3.78
2022-12-01,101.4848,298.812,19765.0,21309.2,294.348,4.1
2023-01-01,102.5478,300.356,19553.9,21222.7,292.807,4.33
2023-02-01,102.5671,301.509,19362.8,21150.5,293.464,4.57
2023-03-01,102.6592,301.744,18968.8,20902.7,297.344,4.65
2023-04-01,103.1512,303.032,18647.1,20744.8,301.478,4.83
2023-05-01,102.924,303.365,18596.4,20837.5,305.347,5.06
2023-06-01,102.3002,304.003,18485.7,20820.3,308.27,5.08
2023-07-01,103.19,304.628,18381.7,20793.2,310.161,5.12
2023-08-01,103.1141,306.187,18271.6,20765.3,311.526,5.33
2023-09-01,103.2974,307.288,18151.7,20710.9,312.4,5.33
2023-10-01,102.5683,307.531,18070.1,20691.7,312.79,5.33
2023-11-01,102.9049,308.024,18009.1,20705.2,311.969,5.33
2023-12-01,102.5658,308.742,18012.3,20754.0,310.774,5.33
2024-01-01,101.724,309.685,17976.9,20754.2,310.521,5.33
2024-02-01,102.5863,311.054,17935.2,20748.6,312.632,5.33
2024-03-01,102.4458,312.23,17997.6,20841.5,316.646,5.33
2024-04-01,102.4547,313.207,17987.1,20867.3,,5.33
2024-05-01,103.3284,313.225,,,,5.33
